season_year,pts_bin,PTS,G,FG,FGA,3P,3PA,FT,FTA,TOV,MP,AST,ppg,fga_game,fg_game,3pa_game,3p_game,fta_game,ft_game,ft_pct,min_game,ast_game
1977,5,12179,2813,5017,11283,0,0,2145,3144,0,37226,3413,4.329541415,4.011020263,1.783505155,0,0,1.11766797,0.7625311056,0.6822519084,13.23355848,1.213295414
1977,4,22221,3297,8890,20012,0,0,4441,6035,0,62969,5461,6.739763421,6.069760388,2.696390658,0,0,1.830451926,1.346982105,0.7358740679,19.09887777,1.656354261
1977,3,31962,3644,13042,28372,0,0,5878,8229,0,86547,9052,8.771130626,7.785949506,3.579034029,0,0,2.258232711,1.613062569,0.7143030745,23.75054885,2.484083425
1977,2,45463,3669,18161,39343,0,0,9141,12074,0,104264,10923,12.39111475,10.72308531,4.949850095,0,0,3.290814936,2.491414554,0.7570813318,28.41755247,2.977105478
1977,1,74631,3752,29954,61846,0,0,14723,18840,0,130479,13002,19.89099147,16.48347548,7.98347548,0,0,5.021321962,3.924040512,0.7814755839,34.77585288,3.465351812
1978,5,12313,2834,5048,11828,0,0,2217,3250,2854,38989,3339,4.344742414,4.17360621,1.781227946,0,0,1.146788991,0.7822865208,0.6821538462,13.75758645,1.178193366
1978,4,23106,3282,9257,20493,0,0,4592,6268,4963,67032,6650,7.040219378,6.244058501,2.820536258,0,0,1.909811091,1.399146862,0.732610083,20.42413163,2.026203534
1978,3,33534,3440,13567,29107,0,0,6400,8459,6530,84903,9417,9.748255814,8.461337209,3.943895349,0,0,2.459011628,1.860465116,0.7565906135,24.68110465,2.7375
1978,2,47278,3535,18951,40026,0,0,9376,12697,8816,103008,10501,13.37425743,11.32277228,5.36096181,0,0,3.591796322,2.652333805,0.7384421517,29.13946252,2.970579915
1978,1,74309,3677,29707,61337,0,0,14895,19123,11507,129114,14033,20.20913788,16.6812619,8.079140604,0,0,5.200707098,4.050856677,0.7789049835,35.11395159,3.816426435
1979,5,12467,2922,5067,11488,0,0,2333,3360,3042,41339,4082,4.26659822,3.93155373,1.734086242,0,0,1.149897331,0.7984257358,0.6943452381,14.14750171,1.396988364
1979,4,23913,3362,9711,20834,0,0,4491,6157,4893,65772,6186,7.112730518,6.196906603,2.88845925,0,0,1.831350387,1.335812017,0.7294136755,19.56335515,1.839976205
1979,3,34914,3435,14226,29106,0,0,6462,8629,6498,86428,9394,10.16419214,8.473362445,4.141484716,0,0,2.512081514,1.881222707,0.7488700892,25.16098981,2.734788937
1979,2,50515,3425,20559,42695,0,0,9397,12107,8951,105387,12018,14.74890511,12.46569343,6.002627737,0,0,3.534890511,2.743649635,0.7761625506,30.76992701,3.508905109
1979,1,72839,3527,28996,57309,0,0,14847,19501,10820,124029,13713,20.65182875,16.24865325,8.22115112,0,0,5.529061525,4.20952651,0.761345572,35.16557981,3.888006805
1980,5,13273,2910,5342,12153,106,400,2483,3505,2936,42480,4213,4.561168385,4.17628866,1.835738832,0.1374570447,0.03642611684,1.204467354,0.8532646048,0.7084165478,14.59793814,1.447766323
1980,4,23148,3274,9313,20055,141,547,4381,5992,5076,67289,7222,7.070250458,6.125534514,2.844532682,0.1670739157,0.04306658522,1.830177153,1.338118509,0.731141522,20.55253513,2.205864386
1980,3,34186,3318,13669,28727,326,1137,6522,8431,6203,85564,9442,10.3031947,8.657926462,4.119650392,0.342676311,0.09825195901,2.540988547,1.965641953,0.773573716,25.78782399,2.845690175
1980,2,47446,3463,19169,39455,401,1294,8707,11543,8147,102922,11437,13.70083742,11.39330061,5.535373953,0.3736644528,0.115795553,3.333237078,2.514293965,0.7543099714,29.72047358,3.302627779
1980,1,72844,3569,28786,57518,387,1444,14885,18818,9899,122690,12855,20.41019894,16.11599888,8.065564584,0.4045951247,0.1084337349,5.272625385,4.170636033,0.7909979807,34.37657607,3.601849257
1981,5,11273,2760,4566,10403,108,382,2033,2987,2698,38724,3840,4.08442029,3.769202899,1.654347826,0.1384057971,0.03913043478,1.082246377,0.7365942029,0.6806160027,14.03043478,1.391304348
1981,4,23221,3470,9185,19481,62,313,4789,6758,5044,69139,6897,6.691930836,5.614121037,2.646974063,0.09020172911,0.01786743516,1.947550432,1.380115274,0.7086416099,19.92478386,1.987608069
1981,3,34935,3634,14119,29177,226,890,6471,8684,6345,91779,10083,9.613373693,8.028893781,3.885250413,0.244909191,0.06219042378,2.389653275,1.780682444,0.7451635191,25.25564117,2.774628509
1981,2,51756,3701,20412,41485,129,606,10803,14236,9219,107194,12283,13.98432856,11.20913267,5.515266144,0.1637395299,0.03485544447,3.846527965,2.918940827,0.7588508008,28.96352337,3.318832748
1981,1,75845,3798,30066,60034,328,1309,15385,19833,10041,130429,12938,19.96972091,15.80674039,7.916271722,0.3446550816,0.08636124276,5.221958926,4.050816219,0.7757273231,34.34149552,3.406529753
1982,5,11338,2977,4551,10174,46,211,2190,3278,2619,38891,3086,3.808532079,3.417534431,1.528720188,0.07087672153,0.01545179711,1.101108498,0.7356399059,0.668090299,13.06382264,1.036614041
1982,4,22623,3490,9079,18839,206,726,4259,6138,4218,65347,5951,6.482234957,5.397994269,2.601432665,0.2080229226,0.05902578797,1.758739255,1.22034384,0.6938742261,18.72406877,1.705157593
1982,3,36560,3785,14616,30820,256,976,7072,9363,6440,91029,10548,9.659180978,8.142668428,3.861558785,0.2578599736,0.06763540291,2.473712021,1.868428005,0.7553134679,24.04993395,2.78678996
1982,2,48517,3715,19425,38917,313,1066,9354,12212,7784,105595,11962,13.05975774,10.4756393,5.228802153,0.2869448183,0.08425302826,3.287213997,2.517900404,0.7659679004,28.42395693,3.219919246
1982,1,79024,3945,31370,61847,243,1091,16041,21066,10596,136597,14152,20.03143219,15.67731305,7.951837769,0.2765525982,0.06159695817,5.339923954,4.066159696,0.7614639704,34.62534854,3.587325729
1983,5,11201,2871,4506,10204,51,267,2138,3151,2693,36098,3119,3.901428074,3.554162313,1.569487983,0.09299895507,0.01776384535,1.097526994,0.7446882619,0.6785147572,12.5733194,1.086381052
1983,4,21535,3544,8640,18523,62,358,4193,5979,4885,64900,6886,6.076467269,5.226580135,2.437923251,0.1010158014,0.01749435666,1.687076749,1.183126411,0.7012878408,18.31264108,1.943002257
1983,3,35324,3778,14380,30171,273,1017,6291,8581,6652,89818,9912,9.349920593,7.985971413,3.806246691,0.2691900476,0.07226045527,2.27130757,1.665166755,0.7331313367,23.77395447,2.623610376
1983,2,49364,3765,19876,41000,228,988,9384,12685,9055,110895,13486,13.11128818,10.88977424,5.279150066,0.2624169987,0.06055776892,3.369189907,2.492430279,0.7397713835,29.45418327,3.581938911
1983,1,80023,3910,31859,62786,322,1338,15983,20831,10790,133997,13595,20.46624041,16.05780051,8.148081841,0.3421994885,0.08235294118,5.327621483,4.087723785,0.7672699342,34.27033248,3.476982097
1984,5,11066,3065,4464,9742,46,268,2092,3011,2457,36672,3147,3.610440457,3.178466558,1.456443719,0.08743882545,0.01500815661,0.9823817292,0.6825448613,0.6947857855,11.96476346,1.02675367
1984,4,22710,3587,9039,18980,141,620,4491,6126,4256,66818,6191,6.331195986,5.291329802,2.519933092,0.1728463897,0.03930861444,1.707833844,1.252021188,0.7331047992,18.62782269,1.725954837
1984,3,35665,3888,14195,29487,258,1010,7017,9427,6681,90898,11522,9.173096708,7.584104938,3.650977366,0.2597736626,0.06635802469,2.424639918,1.804783951,0.7443513313,23.37911523,2.963477366
1984,2,51335,3876,20264,40939,274,1125,10533,13740,8340,114368,13832,13.24432405,10.5621775,5.228070175,0.290247678,0.07069143447,3.544891641,2.71749226,0.7665938865,29.50670795,3.568627451
1984,1,83359,4019,32666,64322,367,1346,17660,22619,10751,137012,13672,20.74122916,16.00447873,8.127892511,0.3349091814,0.09131624782,5.62801692,4.394127893,0.7807595384,34.09106743,3.401841254
1985,5,10322,2955,4028,9037,74,308,2192,3183,2454,34423,2501,3.493062606,3.05820643,1.363113367,0.1042301184,0.02504230118,1.07715736,0.7417935702,0.6886584983,11.64906937,0.8463620981
1985,4,21509,3540,8708,18156,122,494,3971,5515,4304,64990,5843,6.075988701,5.128813559,2.459887006,0.1395480226,0.03446327684,1.557909605,1.121751412,0.7200362647,18.35875706,1.650564972
1985,3,34607,3818,13743,28020,453,1498,6668,8767,6175,87928,10586,9.064169722,7.338920901,3.599528549,0.3923520168,0.1186485071,2.296228392,1.746464117,0.7605794456,23.02985856,2.772655841
1985,2,53322,3863,21193,43032,302,1129,10634,13755,8153,114540,13107,13.80326171,11.13952886,5.48615066,0.2922599016,0.07817758219,3.560704116,2.752782811,0.7731006907,29.65053068,3.39295884
1985,1,83400,3977,32564,64822,671,2271,17601,22413,10924,138423,15848,20.97058084,16.29922052,8.188081468,0.5710334423,0.1687201408,5.635655016,4.425697762,0.7853031723,34.80588383,3.984913251
1986,5,11434,2969,4560,10173,84,388,2230,3431,2458,37557,2707,3.851128326,3.426406197,1.535870664,0.1306837319,0.02829235433,1.155607949,0.7510946447,0.649956281,12.64971371,0.9117547996
1986,4,23804,3556,9329,19772,360,1189,4786,6425,4325,66064,6126,6.694038245,5.560179978,2.623453318,0.3343644544,0.1012373453,1.806805399,1.345894263,0.7449027237,18.57817773,1.72272216
1986,3,34754,3684,13709,28027,471,1491,6865,9329,6237,87808,10526,9.433767644,7.607763301,3.721226927,0.404723127,0.1278501629,2.532301846,1.863463626,0.7358773716,23.834962,2.857220413
1986,2,51244,3863,20359,41733,332,1317,10194,13520,7923,111497,13010,13.26533782,10.80326171,5.270256278,0.3409267409,0.08594356718,3.499870567,2.638881698,0.7539940828,28.86280093,3.367848822
1986,1,78401,3873,30333,60427,455,1613,17280,21853,10623,132698,14781,20.24296411,15.60211722,7.831913246,0.4164730183,0.1174799897,5.642396075,4.46165763,0.7907381138,34.26232894,3.816421379
1987,5,10859,2987,4285,9787,114,530,2175,3090,2225,37324,2832,3.635420154,3.276531637,1.434549715,0.1774355541,0.03816538333,1.034482759,0.7281553398,0.7038834951,12.49548042,0.94810847
1987,4,21362,3329,8374,18121,310,1052,4304,5921,3941,58320,5879,6.416942025,5.443376389,2.515470111,0.3160108141,0.09312105737,1.778612196,1.292880745,0.7269042391,17.51877441,1.765995795
1987,3,34417,3655,13565,29241,596,1938,6691,8983,5734,86043,9883,9.416415869,8.000273598,3.711354309,0.5302325581,0.1630642955,2.457729138,1.830642955,0.744851386,23.54117647,2.703967168
1987,2,49683,3838,19079,39546,678,2143,10847,14107,7435,115918,12622,12.94502345,10.30380406,4.971078687,0.5583637311,0.1766545076,3.675612298,2.826211569,0.7689090522,30.20270974,3.288692027
1987,1,83203,3957,32090,63842,931,2978,18092,22983,10642,138910,15739,21.02678797,16.13393985,8.10967905,0.7525903462,0.235279252,5.808188021,4.572150619,0.7871905321,35.10487743,3.977508213
1988,5,11216,3019,4405,9626,73,330,2333,3355,2444,41408,3044,3.715137463,3.188473004,1.459092415,0.1093077178,0.02418019212,1.111295131,0.7727724412,0.6953800298,13.71579993,1.008280888
1988,4,22523,3403,8835,19445,532,1596,4321,5688,3978,62251,6576,6.618571848,5.714075815,2.596238613,0.468997943,0.1563326477,1.671466353,1.269761975,0.7596694796,18.29297679,1.932412577
1988,3,34254,3580,13535,28506,675,2094,6509,8786,5685,85031,8487,9.568156425,7.962569832,3.780726257,0.5849162011,0.188547486,2.454189944,1.818156425,0.7408376963,23.75167598,2.370670391
1988,2,50432,3814,19612,40581,435,1506,10773,14020,7556,114016,12569,13.22286314,10.64001049,5.142108023,0.3948610383,0.1140534872,3.675930781,2.824593603,0.7684022825,29.89407446,3.295490299
1988,1,77717,3786,30044,60237,1126,3397,16503,20862,9883,132579,16101,20.52746962,15.91045959,7.935552034,0.8972530375,0.2974115161,5.510301109,4.358954041,0.7910555076,35.01822504,4.252773376
1989,5,10348,3155,4090,9279,98,441,2070,3119,2316,34327,2815,3.279873217,2.941045959,1.296354992,0.13977813,0.03106180666,0.9885895404,0.6561014263,0.6636742546,10.88019017,0.8922345483
1989,4,23189,3714,9216,20171,434,1510,4323,5835,4333,69064,6173,6.24367259,5.431071621,2.481421648,0.4065697361,0.1168551427,1.571082391,1.163974152,0.740874036,18.59558428,1.662089391
1989,3,36855,4007,14616,30913,742,2288,6881,9225,6329,96337,11318,9.197654105,7.714749189,3.647616671,0.5710007487,0.1851759421,2.302221113,1.717244822,0.7459078591,24.04217619,2.824557025
1989,2,57308,4157,22319,47212,1437,4240,11233,14676,8476,123655,12064,13.7859033,11.35722877,5.369016117,1.019966322,0.3456819822,3.530430599,2.702189079,0.7653992914,29.74621121,2.902092855
1989,1,89439,4362,34266,68974,1538,4650,19369,24163,11834,153774,18141,20.50412655,15.81247134,7.855570839,1.066024759,0.3525905548,5.539431453,4.440394315,0.8015974838,35.25309491,4.158872077
1990,5,11072,3341,4357,10127,236,859,2122,3187,2548,41756,3927,3.313977851,3.031128405,1.304100569,0.2571086501,0.07063753367,0.9539060162,0.6351391799,0.6658299341,12.49805447,1.175396588
1990,4,24241,4078,9584,21024,576,1714,4497,6326,4221,73343,7039,5.944335459,5.155468367,2.350171653,0.4203040706,0.1412457087,1.551250613,1.102746444,0.7108757509,17.98504169,1.726091221
1990,3,41011,4309,16082,34382,737,2344,8110,10885,6461,108023,10881,9.517521467,7.979113483,3.732188443,0.543977721,0.1710373637,2.526108146,1.882107217,0.7450620119,25.06915758,2.525179856
1990,2,59881,4371,23641,49508,1285,3875,11314,14869,8274,132214,12931,13.69961107,11.32646992,5.408602151,0.8865248227,0.2939830702,3.401738733,2.588423702,0.7609119645,30.24799817,2.958361931
1990,1,92689,4553,35190,70784,1885,5397,20424,25423,11574,159781,18519,20.35778608,15.54667252,7.72896991,1.185372282,0.4140127389,5.583790907,4.485833516,0.8033670299,35.09356468,4.067428069
1991,5,12998,3546,5095,11421,178,672,2630,3889,2573,43958,3030,3.665538635,3.220812183,1.436830231,0.1895093063,0.05019740553,1.096728708,0.7416807671,0.6762663924,12.3965031,0.8544839255
1991,4,23413,4016,9243,20555,631,1954,4296,6128,4136,70057,6003,5.829930279,5.118276892,2.301543825,0.4865537849,0.1571215139,1.525896414,1.069721116,0.7010443864,17.44447211,1.494770916
1991,3,40283,4266,16029,33748,621,2106,7604,10163,6814,110483,11902,9.442803563,7.910923582,3.757383966,0.4936708861,0.1455696203,2.382325363,1.78246601,0.7482042704,25.89849977,2.789967182
1991,2,59607,4391,23563,49639,1086,3556,11395,14946,8264,129495,11940,13.57481212,11.30471419,5.366203598,0.8098383056,0.247324072,3.40378046,2.595080847,0.7624113475,29.49100433,2.71919836
1991,1,90892,4521,34477,70296,2280,6669,19658,24345,11353,160651,19867,20.10440168,15.5487724,7.625967706,1.475116125,0.504313205,5.384870604,4.348153063,0.8074758677,35.53439505,4.394381774
1992,5,10869,3258,4344,10077,319,1062,1862,2692,2226,40130,3435,3.336095764,3.093001842,1.333333333,0.3259668508,0.09791282996,0.8262737876,0.5715162676,0.691679049,12.31737262,1.054327808
1992,4,25272,4028,10019,21975,545,1709,4689,6607,4271,71989,6818,6.27408143,5.455561072,2.48733863,0.4242800397,0.1353028798,1.640268123,1.164101291,0.7097018314,17.87214499,1.69265144
1992,3,40586,4269,16155,34449,793,2487,7483,10086,6190,106730,10041,9.50714453,8.069571328,3.784258609,0.5825720309,0.1857577887,2.362614195,1.752869524,0.7419194924,25.00117123,2.352073085
1992,2,59573,4435,23683,49965,950,3110,11257,14976,8315,131063,12752,13.432469,11.26606539,5.340022548,0.7012401353,0.214205186,3.376775648,2.538218715,0.7516693376,29.55197294,2.875310034
1992,1,89308,4632,34181,69936,2784,7825,18162,22809,11141,165231,19332,19.2806563,15.0984456,7.379317789,1.68933506,0.6010362694,4.924222798,3.920984456,0.7962646324,35.67163212,4.17357513
1993,5,12461,3400,4876,11262,398,1285,2311,3249,2589,44205,3698,3.665,3.312352941,1.434117647,0.3779411765,0.1170588235,0.9555882353,0.6797058824,0.7112957833,13.00147059,1.087647059
1993,4,25940,3976,10322,22152,559,1737,4737,6731,4331,76997,6708,6.524144869,5.571428571,2.596076459,0.4368712274,0.1405935614,1.692907445,1.19139839,0.7037587283,19.36544266,1.687122736
1993,3,39394,4236,15382,32688,1022,3142,7608,10235,6028,99279,9637,9.299811143,7.716713881,3.631255902,0.7417374882,0.2412653447,2.416194523,1.796033994,0.7433317049,23.43696884,2.275023607
1993,2,57991,4329,22387,46824,1676,4943,11541,15290,8390,130676,14836,13.3959344,10.81635482,5.171402171,1.141834142,0.3871563872,3.531993532,2.665973666,0.7548070634,30.18618619,3.427119427
1993,1,87917,4526,33536,69334,2830,8043,18015,22989,11175,161187,17807,19.42487848,15.31904551,7.40963323,1.777065842,0.6252761821,5.079319487,3.980335837,0.7836356518,35.61356606,3.934379143
1994,5,12964,3385,5056,11491,357,1140,2495,3581,2416,42306,3230,3.829837518,3.394682422,1.493648449,0.3367799114,0.105465288,1.057902511,0.7370753323,0.6967327562,12.49807976,0.9542097489
1994,4,24923,3913,9773,21275,603,1860,4774,6784,4442,75465,5716,6.369281881,5.437004856,2.497572195,0.4753386149,0.1541017122,1.733708152,1.220035778,0.7037146226,19.28571429,1.460771786
1994,3,38611,4202,15119,32586,1224,3758,7149,9901,6036,99347,9310,9.188719657,7.754878629,3.598048548,0.8943360305,0.291289862,2.356258924,1.701332699,0.722048278,23.64278915,2.215611614
1994,2,55688,4296,21615,46755,2083,6299,10375,13951,8490,131909,15692,12.96275605,10.88337989,5.031424581,1.466247672,0.4848696462,3.247439479,2.415037244,0.7436742886,30.70507449,3.652700186
1994,1,83970,4525,32145,66937,2739,7904,16941,22369,11196,159093,17834,18.55690608,14.79270718,7.103867403,1.746740331,0.6053038674,4.943425414,3.743867403,0.7573427511,35.15867403,3.94121547
1995,5,11648,3307,4480,10207,528,1656,2160,3226,2368,40063,2953,3.522225582,3.086483217,1.354702147,0.5007559722,0.1596613245,0.9755065014,0.6531599637,0.6695598264,12.11460538,0.8929543393
1995,4,23176,3872,9002,19664,952,2819,4220,6188,4414,74003,6413,5.98553719,5.078512397,2.324896694,0.7280475207,0.2458677686,1.598140496,1.089876033,0.6819650937,19.11234504,1.65625
1995,3,38326,4259,14525,30803,1840,5084,7436,10117,5967,100431,9024,8.998826015,7.232448932,3.410424982,1.193707443,0.4320262973,2.375440244,1.745949753,0.7350004942,23.58088753,2.118807232
1995,2,54440,4381,20605,44151,3232,8854,9998,13769,7969,131097,12908,12.42638667,10.07783611,4.703264095,2.020999772,0.7377311116,3.142889751,2.282127368,0.7261239015,29.92398996,2.946359279
1995,1,87312,4581,31947,67472,5185,14170,18233,23756,11577,163691,18254,19.05959398,14.72866186,6.973804846,3.093211089,1.131848941,5.1857673,3.980135342,0.7675113655,35.73259114,3.984719494
1996,5,11918,3543,4449,10467,695,2020,2325,3463,2692,43562,3242,3.363815975,2.954276037,1.255715495,0.5701383009,0.1961614451,0.9774202653,0.6562235394,0.6713831938,12.29523003,0.9150437482
1996,4,23269,4157,8934,19570,1032,2971,4369,6413,4186,74541,4995,5.597546307,4.707721915,2.149146019,0.7146980996,0.2482559538,1.542699062,1.050998316,0.6812724154,17.93144094,1.201587683
1996,3,41197,4478,15669,34333,2342,6564,7517,10319,6296,107681,9013,9.199866012,7.667038857,3.499106744,1.465832961,0.5230013399,2.304376954,1.678651184,0.7284620603,24.04667262,2.012728897
1996,2,59327,4722,21988,47242,3996,10568,11355,15062,8927,144368,15812,12.56395595,10.00465904,4.656501482,2.238034731,0.8462515883,3.189750106,2.404701398,0.7538839464,30.57348581,3.34858111
1996,1,91149,4932,33471,70610,5333,14244,18874,24719,12292,177615,18646,18.48114355,14.31670722,6.78649635,2.888077859,1.081305758,5.011962693,3.826845093,0.7635422145,36.01277372,3.780616383
1997,5,12064,3507,4551,10423,564,1703,2398,3498,2439,43686,2906,3.439977188,2.972055888,1.297690334,0.4856002281,0.1608212147,0.997433704,0.6837753065,0.6855345912,12.45680068,0.8286284574
1997,4,22415,4027,8471,19499,1736,4889,3737,5368,4063,72139,5547,5.566178296,4.842066054,2.103551031,1.214055128,0.4310901415,1.333002235,0.9279860939,0.6961624441,17.91383164,1.377452198
1997,3,37015,4307,13848,30386,2241,6277,7078,9856,6237,109468,9997,8.59414906,7.055026701,3.215231019,1.457394938,0.520315765,2.288367773,1.643371256,0.7181412338,25.41629905,2.321105178
1997,2,57850,4487,21711,46582,3752,10189,10676,14393,8358,138592,11674,12.89280143,10.38154669,4.838644974,2.27078226,0.8361934477,3.207711166,2.37931803,0.7417494615,30.88745264,2.601738355
1997,1,89671,4740,32889,71362,5426,14793,18467,24023,12481,176609,19821,18.91793249,15.05527426,6.938607595,3.120886076,1.144725738,5.06814346,3.895991561,0.7687216418,37.2592827,4.18164557
1998,5,12003,3532,4625,10677,368,1216,2385,3718,2490,45828,3030,3.398357871,3.022933182,1.309456399,0.3442808607,0.1041902605,1.052661382,0.6752548131,0.6414739107,12.97508494,0.8578708947
1998,4,25173,4110,9600,22336,1519,4406,4454,6239,4533,81181,7238,6.124817518,5.434549878,2.335766423,1.072019465,0.3695863747,1.518004866,1.083698297,0.7138964578,19.75206813,1.76107056
1998,3,39035,4374,14702,32889,1956,5487,7675,10438,6473,112909,10412,8.92432556,7.51920439,3.361225423,1.254458162,0.4471879287,2.386374028,1.754686786,0.7352941176,25.8136717,2.380429813
1998,2,55594,4641,20764,46294,2918,8398,11148,14892,8204,138753,13463,11.97888386,9.975005387,4.474035768,1.80952381,0.6287438052,3.208791209,2.40206852,0.7485898469,29.89722043,2.90088343
1998,1,84180,4618,31479,67239,3250,9365,17972,23798,11457,163699,15746,18.22867042,14.56019922,6.816587267,2.027934171,0.7037678649,5.153313123,3.891728021,0.7551895117,35.44802945,3.409701169
1999,5,8378,1947,3216,7541,325,1024,1621,2464,1542,32277,2001,4.303030303,3.873138161,1.651771957,0.5259373395,0.166923472,1.265536723,0.8325629173,0.6578733766,16.57781202,1.027734977
1999,4,14546,2016,5582,12626,810,2360,2572,3725,2470,46584,3722,7.215277778,6.262896825,2.768849206,1.170634921,0.4017857143,1.847718254,1.275793651,0.6904697987,23.10714286,1.846230159
1999,3,19364,2026,7278,16345,1072,2855,3736,5123,2955,51914,3759,9.55774926,8.067620928,3.592300099,1.409180652,0.5291214215,2.528627838,1.844027641,0.7292601991,25.62388944,1.855380059
1999,2,24667,1984,9065,20922,1437,4239,5100,6725,3731,62450,5971,12.43296371,10.5453629,4.569052419,2.136592742,0.7242943548,3.389616935,2.570564516,0.7583643123,31.47681452,3.009576613
1999,1,37715,2025,13882,30564,1471,4388,8480,11322,5385,74251,7935,18.62469136,15.09333333,6.855308642,2.16691358,0.7264197531,5.591111111,4.187654321,0.7489842784,36.66716049,3.918518519
2000,5,12299,3477,4805,11444,558,1780,2131,3220,2371,43581,3044,3.537244751,3.291343112,1.381938453,0.5119355766,0.1604831752,0.9260857061,0.6128846707,0.6618012422,12.5340811,0.8754673569
2000,4,25444,4174,9792,21815,1094,3140,4766,6657,4292,82305,6138,6.095831337,5.226401533,2.345951126,0.7522759943,0.2620987063,1.594873023,1.141830379,0.7159381103,19.71849545,1.470531864
2000,3,36931,4579,14071,31773,2301,6348,6488,8672,6023,105757,9804,8.0652981,6.938851278,3.07294169,1.386328893,0.5025114654,1.893863289,1.416903254,0.7481549815,23.09609085,2.141078838
2000,2,54703,4664,20685,45828,2952,8276,10381,13819,8279,135826,13317,11.72877358,9.825900515,4.435034305,1.774442539,0.6329331046,2.962907376,2.22577187,0.7512120993,29.12221269,2.855274443
2000,1,92141,4913,34354,74958,4089,11393,19344,24912,12504,174942,18127,18.7545288,15.25707307,6.99246896,2.318949725,0.8322817016,5.070628944,3.93730918,0.7764932563,35.60797883,3.689599023
2001,5,12082,3446,4719,11110,607,1828,2037,2973,2343,46514,2925,3.506094022,3.224027858,1.369413813,0.5304701103,0.1761462565,0.862739408,0.5911201393,0.6851664985,13.49796866,0.8488102147
2001,4,22476,4076,8715,20140,1059,3087,3987,5683,4199,75691,5793,5.514229637,4.941118744,2.138125613,0.757360157,0.2598135427,1.394259078,0.9781648675,0.7015660743,18.56992149,1.42124632
2001,3,35285,4343,13272,30188,1817,5148,6924,9514,5919,105981,8764,8.124568271,6.950955561,3.055952107,1.185355745,0.4183743956,2.190651623,1.594289662,0.7277696027,24.40271702,2.017959936
2001,2,52299,4725,19697,44713,2920,8127,9985,13391,7808,135314,11201,11.06857143,9.463068783,4.168677249,1.72,0.617989418,2.834074074,2.113227513,0.7456500635,28.6378836,2.370582011
2001,1,93076,4803,34574,75946,4660,12962,19268,24694,12118,179787,20831,19.37872163,15.81220071,7.198417656,2.69872996,0.9702269415,5.141369977,4.01165938,0.7802705111,37.43222986,4.337080991
2002,5,12423,3504,4868,11557,553,1658,2134,3195,2326,46735,3346,3.545376712,3.298230594,1.389269406,0.473173516,0.1578196347,0.9118150685,0.6090182648,0.6679186228,13.33761416,0.9549086758
2002,4,23860,4080,9175,20895,1078,3284,4432,6401,4025,79321,5305,5.848039216,5.121323529,2.24877451,0.8049019608,0.2642156863,1.568872549,1.08627451,0.6923918138,19.44142157,1.300245098
2002,3,36906,4333,14179,32000,2063,5935,6485,8727,5641,108399,9019,8.517424417,7.385183476,3.272328641,1.369720748,0.4761135472,2.014078006,1.496653589,0.7430961384,25.01707824,2.081467805
2002,2,53519,4619,20149,44807,3038,8497,10183,13469,7648,132838,12255,11.58670708,9.700584542,4.36219961,1.839575666,0.6577181208,2.915999134,2.204589738,0.7560323706,28.75903875,2.653171682
2002,1,89573,4723,33506,73773,5187,14081,17374,22087,11186,173971,19295,18.96527631,15.61994495,7.094219776,2.981367775,1.098242642,4.676476816,3.678594114,0.7866165618,36.83485073,4.085327123
2003,5,11747,3527,4607,10956,445,1425,2088,3133,2411,45027,2900,3.330592572,3.106322654,1.306209243,0.4040260845,0.1261695492,0.8882903317,0.5920045364,0.6664538781,12.76637369,0.8222285228
2003,4,23881,4264,9241,21460,1169,3537,4230,6004,4474,81293,6835,5.600609756,5.032833021,2.167213884,0.8295028143,0.2741557223,1.408067542,0.9920262664,0.7045303131,19.06496248,1.602954972
2003,3,36268,4504,13905,31415,2062,5945,6396,8861,5742,110456,8140,8.052397869,6.97491119,3.087255773,1.319937833,0.4578152753,1.967362345,1.420071048,0.7218146936,24.52397869,1.807282416
2003,2,53077,4576,19945,44684,3515,9752,9672,12417,7635,135984,12753,11.59899476,9.76486014,4.35861014,2.131118881,0.7681381119,2.713505245,2.113636364,0.7789321092,29.71678322,2.786931818
2003,1,92876,4819,34057,75763,4801,13490,19961,25293,12042,176190,18759,19.27287819,15.7217265,7.067233866,2.799335962,0.9962647852,5.248599294,4.142145673,0.7891906852,36.56152729,3.892716331
2004,5,12162,3575,4743,11100,370,1212,2306,3364,2410,46751,3040,3.401958042,3.104895105,1.326713287,0.339020979,0.1034965035,0.940979021,0.645034965,0.6854934602,13.0772028,0.8503496503
2004,4,22236,3974,8549,19915,1236,3454,3902,5334,3862,73217,5849,5.595369904,5.011323603,2.151233015,0.8691494716,0.3110216407,1.342224459,0.9818822345,0.7315335583,18.42400604,1.471816809
2004,3,35305,4423,13369,30562,2090,6043,6477,8871,5687,106592,8658,7.98213882,6.909789735,3.022609089,1.366267239,0.472529957,2.005652272,1.464390685,0.7301318904,24.09947999,1.957494913
2004,2,54099,4640,20476,46327,3185,8912,9962,13305,8340,140823,12935,11.65926724,9.984267241,4.412931034,1.920689655,0.6864224138,2.867456897,2.146982759,0.7487410748,30.34978448,2.787715517
2004,1,87912,4816,32178,72022,4940,14245,18616,23867,11659,174812,17921,18.25415282,14.95473422,6.681478405,2.957848837,1.025747508,4.955772425,3.865448505,0.7799891063,36.29817276,3.721137874
2005,5,13957,3755,5310,12429,698,2120,2639,3908,2649,53192,3457,3.716910786,3.309986684,1.414114514,0.5645805593,0.185885486,1.040745672,0.7027962716,0.6752814739,14.16564581,0.9206391478
2005,4,25464,4327,9634,22135,1455,4159,4741,6513,4233,81808,6099,5.884908713,5.115553501,2.226484862,0.9611740236,0.3362606887,1.505199908,1.095678299,0.7279287579,18.90640166,1.409521609
2005,3,38195,4606,14344,32286,2286,6532,7221,9922,5961,107957,9011,8.292444637,7.009552757,3.114198871,1.418150239,0.496309162,2.154146765,1.567737733,0.7277766579,23.43834129,1.956361268
2005,2,56786,4657,21223,46486,3507,9592,10833,14065,7487,140076,12225,12.19368692,9.981962637,4.557225682,2.059695083,0.7530599098,3.020184668,2.32617565,0.7702097405,30.07859137,2.625080524
2005,1,93413,4925,33719,73973,5191,14360,20784,26535,11660,177220,18745,18.9671066,15.01989848,6.846497462,2.915736041,1.054010152,5.387817259,4.220101523,0.7832673827,35.98375635,3.806091371
2006,5,11859,3639,4635,10607,377,1239,2212,3423,2373,47368,2526,3.258862325,2.914811761,1.273701566,0.3404781533,0.1035998901,0.9406430338,0.607859302,0.6462167689,13.01676285,0.6941467436
2006,4,24333,4136,9317,20729,1116,3392,4583,6704,4272,81003,5075,5.883220503,5.011847195,2.252659574,0.8201160542,0.2698259188,1.620889749,1.108075435,0.6836217184,19.5848646,1.227030948
2006,3,37573,4508,13917,31061,2838,7827,6901,9502,5621,109225,8275,8.334738243,6.890195209,3.08717835,1.736246673,0.6295474712,2.107808341,1.530834073,0.7262681541,24.22914818,1.835625555
2006,2,56054,4641,20683,45834,3431,9593,11257,15226,8086,140262,12634,12.07800043,9.875888817,4.456582633,2.06701142,0.7392803275,3.280758457,2.425554837,0.7393274662,30.22236587,2.722258134
2006,1,96898,4966,35134,75420,5663,15207,20967,26561,11461,182074,19872,19.51228353,15.18727346,7.074909384,3.062223117,1.14035441,5.348570278,4.22211035,0.7893904597,36.66411599,4.001610954
2007,5,12958,3693,4946,11444,682,2163,2384,3586,2417,48137,3162,3.508800433,3.098835635,1.33929055,0.5857026807,0.184673707,0.9710262659,0.6455456269,0.6648075851,13.03466017,0.8562144598
2007,4,25850,4354,9897,22079,1594,4602,4462,6312,4346,84294,6037,5.937069362,5.070969224,2.273082223,1.056959118,0.3661001378,1.449701424,1.024804777,0.7069074778,19.36012862,1.386541112
2007,3,41042,4720,15370,33585,2979,8266,7323,9945,6085,114295,9090,8.695338983,7.115466102,3.256355932,1.751271186,0.6311440678,2.106991525,1.551483051,0.7363499246,24.21504237,1.925847458
2007,2,58321,4810,21744,48131,3776,10280,11057,14438,8677,144671,12956,12.12494802,10.00644491,4.520582121,2.137214137,0.785031185,3.001663202,2.298752599,0.7658262917,30.07713098,2.693555094
2007,1,94180,4813,33951,71761,5349,14625,20929,26745,12228,173591,19164,19.56783711,14.90982755,7.054020362,3.038645336,1.111365053,5.556825265,4.348431332,0.7825387923,36.06710991,3.981716185
2008,5,12352,3657,4768,11309,729,2237,2087,3188,2376,46593,3158,3.377631939,3.092425485,1.30380093,0.6117035822,0.1993437244,0.8717528028,0.5706863549,0.654642409,12.74077112,0.8635493574
2008,4,27103,4261,10393,23690,1755,5082,4562,6437,4167,86208,6539,6.360713448,5.559727763,2.439098803,1.192677775,0.4118751467,1.510678245,1.070640695,0.70871524,20.23187045,1.534616287
2008,3,40857,4656,15630,34445,3251,8806,6346,8557,5498,112098,9308,8.775128866,7.3979811,3.356958763,1.891323024,0.6982388316,1.837843643,1.362972509,0.741615052,24.07603093,1.999140893
2008,2,58751,4833,22190,47719,3869,10641,10502,13964,7800,141909,12135,12.15621767,9.873577488,4.591351128,2.201738051,0.8005379681,2.889302711,2.172977447,0.7520767688,29.36250776,2.510862818
2008,1,96289,4831,34787,74006,5785,15546,20930,26348,11624,175574,19804,19.93148416,15.31898158,7.200786587,3.217967295,1.197474643,5.453943283,4.332436349,0.7943676939,36.34320017,4.099358311
2009,5,12786,3678,4994,11302,690,2068,2108,3181,2318,49324,2928,3.47634584,3.072865688,1.357803154,0.562262099,0.1876019576,0.8648722132,0.5731375748,0.6626846903,13.41054921,0.7960848287
2009,4,25555,4297,9733,21545,1706,4843,4383,6136,4145,81511,6113,5.947172446,5.01396323,2.265068653,1.127065394,0.3970211776,1.427973004,1.020013963,0.7143089961,18.96928089,1.422620433
2009,3,41510,4503,15673,34049,3438,9019,6726,8853,5391,112282,8596,9.218298912,7.561403509,3.48056851,2.002886964,0.763491006,1.966022652,1.493670886,0.7597424602,24.93493227,1.908949589
2009,2,60157,4756,22455,48449,3893,10529,11354,14671,8031,143820,12754,12.64865433,10.18692178,4.721404542,2.213835156,0.8185449958,3.084735071,2.387300252,0.7739077091,30.23969722,2.681665265
2009,1,94677,4916,34159,73501,5952,16056,20407,25280,11366,176054,19124,19.25895037,14.95138324,6.948535395,3.266069976,1.210740439,5.142392189,4.151139138,0.8072389241,35.81244915,3.890154597
2010,5,13207,3620,5218,11886,794,2589,1977,2949,2095,46156,2613,3.648342541,3.283425414,1.441436464,0.7151933702,0.2193370166,0.814640884,0.5461325967,0.6703967447,12.75027624,0.7218232044
2010,4,27855,4265,10614,23416,2199,6207,4428,6233,4146,84270,6169,6.531066823,5.490269637,2.48862837,1.455334115,0.5155920281,1.461430246,1.038218054,0.7104123215,19.75849941,1.446424385
2010,3,41966,4694,15867,34770,3091,8652,7141,9626,5901,113483,9459,8.940349382,7.407328504,3.380272689,1.84320409,0.658500213,2.050703025,1.521303792,0.7418450031,24.17618236,2.015125692
2010,2,59401,4765,22341,48439,4469,12128,10250,13320,7815,142999,13079,12.46610703,10.16558237,4.688562434,2.545225603,0.9378803778,2.795383001,2.151101784,0.7695195195,30.01028332,2.744805876
2010,1,93578,5005,34511,72950,4600,13011,19956,25278,11559,175489,18665,18.6969031,14.57542458,6.895304695,2.5996004,0.9190809191,5.050549451,3.987212787,0.7894611915,35.06273726,3.729270729
2011,5,12849,3562,5070,11261,583,1859,2126,3352,2278,49023,2799,3.607243122,3.161426165,1.423357664,0.5218978102,0.1636720943,0.9410443571,0.596855699,0.63424821,13.76277372,0.7857944975
2011,4,26126,4309,9949,21956,2052,5684,4176,5776,3873,79428,5385,6.063123695,5.095381759,2.308888373,1.319099559,0.4762125783,1.34045022,0.9691343699,0.7229916898,18.43304711,1.249709909
2011,3,42145,4726,15992,35535,3308,9230,6853,9213,6014,118375,10232,8.917689378,7.519043589,3.383834109,1.953025815,0.6999576809,1.949428692,1.450063479,0.7438402258,25.04760897,2.165044435
2011,2,59033,4790,21920,48188,4594,12501,10599,13550,7384,137070,12380,12.32421712,10.06012526,4.576200418,2.609812109,0.9590814196,2.828810021,2.212734864,0.7822140221,28.61586639,2.584551148
2011,1,93145,5045,34171,72491,4725,13122,20078,25150,11770,175793,19840,18.46283449,14.36888008,6.773240833,2.60099108,0.9365708622,4.985133796,3.979781962,0.7983300199,34.84499504,3.932606541
2012,5,11184,2979,4396,10123,699,2192,1693,2602,2195,45775,2741,3.75427996,3.398120175,1.475662974,0.7358173884,0.2346424975,0.8734474656,0.5683115139,0.6506533436,15.3658946,0.9201074186
2012,4,20481,3234,7994,18108,1322,3915,3171,4542,3218,66060,4254,6.333024119,5.599257885,2.471861472,1.210575139,0.4087816945,1.40445269,0.9805194805,0.6981505945,20.42671614,1.315398887
2012,3,30856,3382,11807,26425,2362,6601,4880,6659,4435,82484,6334,9.123595506,7.813424009,3.491129509,1.951803666,0.6984033116,1.968953282,1.442933176,0.7328427692,24.38911886,1.872856298
2012,2,41439,3385,15426,34470,3425,9284,7162,9063,5752,99811,10556,12.24194978,10.183161,4.557163959,2.742688331,1.011816839,2.677400295,2.115805022,0.7902460554,29.48626292,3.118463811
2012,1,62734,3508,23615,50768,3111,8955,12393,15949,7824,117537,11783,17.88312429,14.47206385,6.731755986,2.552736602,0.8868301026,4.546465222,3.532782212,0.7770393128,33.50541619,3.358893957
2013,5,12929,3740,4994,11695,1168,3429,1773,2787,2426,50534,3764,3.456951872,3.127005348,1.335294118,0.9168449198,0.3122994652,0.7451871658,0.4740641711,0.6361679225,13.51176471,1.006417112
2013,4,26222,4364,10113,23057,2191,6237,3805,5451,4096,82698,5760,6.008707608,5.283455545,2.317369386,1.429193401,0.5020623281,1.24908341,0.8719065078,0.6980370574,18.95004583,1.319890009
2013,3,41335,4632,15886,35182,3044,8539,6519,8638,5735,110473,8429,8.923791019,7.595423143,3.429620035,1.843480138,0.6571675302,1.864853195,1.40738342,0.7546885853,23.84995682,1.819732297
2013,2,58392,4964,22079,47895,4344,11628,9890,13031,7851,138175,11807,11.76309428,9.648468977,4.447824335,2.342465753,0.8751007252,2.625100725,1.992344883,0.7589594045,27.83541499,2.378525383
2013,1,89357,5138,33262,71932,5910,16222,16923,21557,12057,175165,21689,17.39139743,14,6.473725185,3.157259634,1.150253017,4.195601401,3.293694044,0.7850350234,34.09205917,4.221292332
2014,5,13309,3692,5077,11645,1045,3031,2110,3220,2586,49022,3296,3.604821235,3.15411701,1.375135428,0.820964247,0.2830444204,0.872156013,0.5715059588,0.6552795031,13.27789816,0.8927410618
2014,4,26894,4256,10343,22862,1971,5668,4237,5963,3916,80821,5873,6.319078947,5.371710526,2.430216165,1.331766917,0.4631109023,1.401080827,0.9955357143,0.7105483817,18.98989662,1.379934211
2014,3,42129,4718,15965,35533,3832,10613,6367,8532,5937,113633,9392,8.929419245,7.531369224,3.383849089,2.249470114,0.812208563,1.808393387,1.349512505,0.746249414,24.08499364,1.990674014
2014,2,60683,4891,22771,49402,4587,12621,10554,13760,8155,143158,12844,12.40707422,10.10059293,4.655694132,2.580453895,0.9378450215,2.813330607,2.157840932,0.767005814,29.269679,2.626047843
2014,1,91832,5001,33409,72390,6419,17438,18595,23757,11613,169079,19387,18.36272745,14.47510498,6.680463907,3.486902619,1.283543291,4.75044991,3.718256349,0.782716673,33.80903819,3.876624675
2015,5,15419,3698,5888,13800,1272,3949,2371,3572,2484,53568,3368,4.169551109,3.73174689,1.592212006,1.067874527,0.3439697134,0.9659275284,0.6411573824,0.6637737962,14.48566793,0.9107625744
2015,4,27842,4410,10549,24437,2643,7663,4101,5651,4354,85309,7007,6.313378685,5.541269841,2.392063492,1.737641723,0.5993197279,1.281405896,0.9299319728,0.7257122633,19.34444444,1.588888889
2015,3,40094,4629,15329,33267,3214,9125,6222,8678,5437,109108,8643,8.661481962,7.186649384,3.311514366,1.971268092,0.6943184273,1.87470296,1.344134802,0.7169854805,23.57053359,1.867141931
2015,2,57492,4976,21477,48087,5111,14173,9427,12585,7889,135264,12594,11.55385852,9.663786174,4.316117363,2.848271704,1.027130225,2.529139871,1.894493569,0.7490663488,27.18327974,2.530948553
2015,1,86994,5048,32224,69889,5700,15932,16846,21275,10728,164943,18577,17.23335975,13.84488906,6.383518225,3.156101426,1.129160063,4.214540412,3.337163233,0.7918213866,32.67492076,3.680071315
2016,5,16214,3793,6205,14127,1476,4440,2328,3294,2667,52407,3921,4.274716583,3.724492486,1.635908252,1.170577379,0.3891378856,0.8684418666,0.6137621935,0.7067395264,13.81676773,1.033746375
2016,4,28969,4541,11040,24427,2484,7203,4405,5971,4253,85858,6462,6.379431843,5.379211627,2.431182559,1.58621449,0.5470160758,1.31490861,0.9700506496,0.7377323731,18.90728914,1.423034574
2016,3,41523,4829,15771,34741,3403,9719,6578,9299,5562,112929,8667,8.598674674,7.194243115,3.26589356,2.012632015,0.7047007662,1.925657486,1.362186788,0.7073878912,23.38558708,1.794781528
2016,2,58183,4805,21688,48184,5378,14858,9429,12664,7705,137216,12943,12.10884495,10.02788762,4.513631634,3.09219563,1.11925078,2.635587929,1.962330905,0.7445514845,28.55691988,2.693652445
2016,1,93470,5111,34028,74186,7160,19745,18254,22684,11481,166682,19250,18.28800626,14.51496772,6.657796909,3.863236157,1.40090002,4.438270397,3.571512424,0.8047081643,32.61240462,3.766386226
2017,5,16410,3867,6193,14278,1620,4779,2404,3364,2598,54872,3993,4.24359969,3.692267908,1.601499871,1.235841738,0.4189294026,0.8699250065,0.6216705456,0.7146254459,14.18981122,1.032583398
2017,4,29654,4552,11234,24666,2855,8284,4331,5942,3980,88272,6124,6.514499121,5.418717047,2.467926186,1.819859402,0.6271968366,1.305360281,0.9514499121,0.7288791653,19.39191564,1.345342707
2017,3,41610,4789,15761,34888,4053,11408,6035,8217,5798,112009,10535,8.688661516,7.28502819,3.291083734,2.382125705,0.8463144707,1.715807058,1.260179578,0.7344529634,23.38880768,2.199832951
2017,2,57563,4768,21757,46875,5421,14923,8628,11531,6832,133326,11722,12.07277685,9.831166107,4.563129195,3.129823826,1.136954698,2.41841443,1.809563758,0.7482438644,27.96266779,2.458473154
2017,1,100020,5084,35734,76694,8438,22880,20114,24605,11506,166388,19959,19.67348544,15.08536585,7.028717545,4.500393391,1.659716758,4.839693155,3.956333596,0.8174761227,32.72777341,3.925845791
2018,5,15938,3818,6104,13337,1444,4299,2286,3298,2294,53595,3644,4.174436878,3.493190152,1.598742797,1.12598219,0.3782084861,0.8638030382,0.5987427973,0.693147362,14.03745416,0.9544264013
2018,4,30290,4467,11565,25715,3050,8837,4110,5558,4621,89161,8599,6.780837251,5.756659951,2.588985897,1.978285203,0.6827848668,1.244235505,0.920080591,0.7394746312,19.95992836,1.925005597
2018,3,43632,4659,16380,35458,4508,12349,6364,8496,5583,110388,9270,9.365099807,7.610646061,3.515775918,2.650568792,0.9675896115,1.823567289,1.36595836,0.7490583804,23.69349646,1.98969736
2018,2,61237,4849,22968,49984,6602,17877,8699,11312,7394,135239,12852,12.62878944,10.30810476,4.736646731,3.686739534,1.361517839,2.332852134,1.79397814,0.7690063649,27.89008043,2.65044339
2018,1,91709,4787,33409,70838,8306,22212,16585,20819,11007,155744,18297,19.15792772,14.79799457,6.97911009,4.640066848,1.735115939,4.349070399,3.464591602,0.7966280801,32.5347817,3.822226864
2019,5,16346,3590,6125,14008,1788,5412,2308,3276,2332,51156,4160,4.553203343,3.901949861,1.706128134,1.507520891,0.4980501393,0.9125348189,0.6428969359,0.7045177045,14.24958217,1.158774373
2019,4,30832,4384,11805,25638,3017,8836,4205,5791,4134,84925,8093,7.032846715,5.848083942,2.69274635,2.015510949,0.6881843066,1.320939781,0.959169708,0.7261267484,19.37157847,1.846031022
2019,3,42828,4755,15750,35746,5585,15576,5743,7523,5230,111770,10103,9.006940063,7.517560463,3.312302839,3.275709779,1.174553102,1.58212408,1.207781283,0.7633922637,23.50578339,2.124710831
2019,2,62350,5010,23194,49329,6536,17867,9426,12329,7314,135490,12486,12.44510978,9.846107784,4.629540918,3.566267465,1.304590818,2.460878244,1.881437126,0.764538892,27.04391218,2.492215569
2019,1,104631,5221,38081,80360,9216,25432,19253,24288,11991,168478,21538,20.04041371,15.39168742,7.293813446,4.871097491,1.765179084,4.651982379,3.687607738,0.7926959816,32.26929707,4.12526336
2020,5,15815,3169,5870,13381,1925,5797,2150,2973,2324,49451,3853,4.990533291,4.222467655,1.852319344,1.829283686,0.6074471442,0.9381508362,0.6784474598,0.7231752439,15.60460713,1.215840959
2020,4,26020,3611,9817,20929,2747,7850,3639,4960,3373,72403,6236,7.205760177,5.795901412,2.718637497,2.173913043,0.7607310994,1.373580726,1.007754085,0.7336693548,20.05067848,1.726945444
2020,3,37254,3770,13704,29719,4583,12549,5263,6864,4382,92721,7996,9.881697613,7.883023873,3.635013263,3.328647215,1.215649867,1.820689655,1.39602122,0.7667540793,24.59442971,2.120954907
2020,2,51229,3776,18781,41462,6371,17134,7296,9389,6204,107699,11004,13.56700212,10.98040254,4.97378178,4.537605932,1.687235169,2.486493644,1.93220339,0.7770795612,28.52198093,2.914194915
2020,1,81056,3860,28809,61284,7624,20897,15814,19669,9696,126189,17113,20.99896373,15.87668394,7.463471503,5.41373057,1.975129534,5.095595855,4.096891192,0.8040063043,32.69145078,4.433419689
2021,5,15922,3243,5992,13220,1865,5558,2073,2934,2223,52732,4094,4.909651557,4.076472402,1.847671909,1.713845205,0.575084798,0.9047178538,0.6392229417,0.7065439673,16.26025285,1.262411348
2021,4,25632,3491,9607,20559,3022,8443,3396,4678,3268,70644,6148,7.342308794,5.889143512,2.751933543,2.418504726,0.8656545402,1.340017187,0.972787167,0.7259512612,20.23603552,1.761099971
2021,3,37391,3697,13805,30071,4923,13133,4858,6379,4488,91753,8428,10.11387612,8.133892345,3.734108737,3.552339735,1.331620233,1.72545307,1.31403841,0.7615613733,24.818231,2.279686232
2021,2,49826,3696,18304,39547,6195,16447,7023,8892,5431,103014,10474,13.48106061,10.69994589,4.952380952,4.449945887,1.676136364,2.405844156,1.900162338,0.7898110661,27.87175325,2.833874459
2021,1,81910,3836,29758,61562,7876,20786,14518,17822,9159,127266,17972,21.35297185,16.04848801,7.757559958,5.418665276,2.053180396,4.645985401,3.784671533,0.8146111548,33.17674661,4.685088634
2022,5,18061,3783,6710,15357,2364,7154,2277,3123,2352,56280,4576,4.774253238,4.059476606,1.773724557,1.891091726,0.6249008723,0.8255352895,0.6019032514,0.7291066282,14.87708168,1.209621993
2022,4,28721,3937,10832,23099,3018,8783,4039,5501,3652,78384,6778,7.29514859,5.867157734,2.751333503,2.230886462,0.7665735331,1.397256795,1.025908052,0.73423014,19.90957582,1.721615443
2022,3,42401,4564,15885,33743,4847,13853,5784,7763,4838,105516,8427,9.290315513,7.393295355,3.480499562,3.035276074,1.062007011,1.700920245,1.267309378,0.7450727811,23.11919369,1.846406661
2022,2,60035,4624,21831,47103,7558,20523,8815,11310,6294,130283,12570,12.98334775,10.18663495,4.721237024,4.438365052,1.634515571,2.445934256,1.906358131,0.7793987622,28.17538927,2.718425606
2022,1,98625,4907,35629,76616,10203,28219,17164,21252,11651,162550,22255,20.09883839,15.61361321,7.260851844,5.750764214,2.079274506,4.330955777,3.4978602,0.8076416337,33.12614632,4.535357652
2023,5,15762,3362,5899,12911,1964,5745,2000,2766,2117,50904,3957,4.688280785,3.840273647,1.754610351,1.708804283,0.5841760857,0.8227245687,0.5948839976,0.723065799,15.14098751,1.176977989
2023,4,27267,3637,10162,21350,3342,9266,3601,5006,3225,74029,5620,7.497113005,5.870222711,2.794061039,2.547704152,0.9188891944,1.376409128,0.9901017322,0.7193367958,20.35441298,1.545229585
2023,3,39781,4036,14771,31064,4737,12953,5502,7098,5043,97815,9965,9.85654113,7.696729435,3.659811695,3.209365709,1.173686819,1.758671952,1.363230922,0.775147929,24.23562934,2.469028741
2023,2,56989,4082,20919,43668,6185,16888,8966,11556,6227,119584,11197,13.96104851,10.69769721,5.124693778,4.137187653,1.515188633,2.830965213,2.196472317,0.7758740048,29.29544341,2.743018128
2023,1,91935,4040,32734,68021,8629,23622,17838,21750,10256,138333,19922,22.75618812,16.83688119,8.102475248,5.847029703,2.135891089,5.383663366,4.415346535,0.820137931,34.24084158,4.931188119
1977,overall,,,,,,,,,,,,106.5,,,,,,,,,
1978,overall,,,,,,,,,,,,108.5,,,,,,,,,
1979,overall,,,,,,,,,,,,110.3,,,,,,,,,
1980,overall,,,,,,,,,,,,109.3,,,,,,,,,
1981,overall,,,,,,,,,,,,108.1,,,,,,,,,
1982,overall,,,,,,,,,,,,108.6,,,,,,,,,
1983,overall,,,,,,,,,,,,108.5,,,,,,,,,
1984,overall,,,,,,,,,,,,110.1,,,,,,,,,
1985,overall,,,,,,,,,,,,110.8,,,,,,,,,
1986,overall,,,,,,,,,,,,110.2,,,,,,,,,
1987,overall,,,,,,,,,,,,109.9,,,,,,,,,
1988,overall,,,,,,,,,,,,108.2,,,,,,,,,
1989,overall,,,,,,,,,,,,109.2,,,,,,,,,
1990,overall,,,,,,,,,,,,107,,,,,,,,,
1991,overall,,,,,,,,,,,,106.3,,,,,,,,,
1992,overall,,,,,,,,,,,,105.3,,,,,,,,,
1993,overall,,,,,,,,,,,,105.3,,,,,,,,,
1994,overall,,,,,,,,,,,,101.5,,,,,,,,,
1995,overall,,,,,,,,,,,,101.4,,,,,,,,,
1996,overall,,,,,,,,,,,,99.5,,,,,,,,,
1997,overall,,,,,,,,,,,,96.9,,,,,,,,,
1998,overall,,,,,,,,,,,,95.6,,,,,,,,,
1999,overall,,,,,,,,,,,,91.6,,,,,,,,,
2000,overall,,,,,,,,,,,,97.5,,,,,,,,,
2001,overall,,,,,,,,,,,,94.8,,,,,,,,,
2002,overall,,,,,,,,,,,,95.5,,,,,,,,,
2003,overall,,,,,,,,,,,,95.1,,,,,,,,,
2004,overall,,,,,,,,,,,,93.4,,,,,,,,,
2005,overall,,,,,,,,,,,,97.2,,,,,,,,,
2006,overall,,,,,,,,,,,,97,,,,,,,,,
2007,overall,,,,,,,,,,,,98.7,,,,,,,,,
2008,overall,,,,,,,,,,,,99.9,,,,,,,,,
2009,overall,,,,,,,,,,,,100,,,,,,,,,
2010,overall,,,,,,,,,,,,100.4,,,,,,,,,
2011,overall,,,,,,,,,,,,99.6,,,,,,,,,
2012,overall,,,,,,,,,,,,96.3,,,,,,,,,
2013,overall,,,,,,,,,,,,98.1,,,,,,,,,
2014,overall,,,,,,,,,,,,101,,,,,,,,,
2015,overall,,,,,,,,,,,,100,,,,,,,,,
2016,overall,,,,,,,,,,,,102.7,,,,,,,,,
2017,overall,,,,,,,,,,,,105.6,,,,,,,,,
2018,overall,,,,,,,,,,,,106.3,,,,,,,,,
2019,overall,,,,,,,,,,,,111.2,,,,,,,,,
2020,overall,,,,,,,,,,,,111.8,,,,,,,,,
2021,overall,,,,,,,,,,,,112.1,,,,,,,,,
2022,overall,,,,,,,,,,,,110.6,,,,,,,,,
2023,overall,,,,,,,,,,,,114.7,,,,,,,,,