season_year,pts_bin,PTS,G,FG,FGA,3P,3PA,FT,FTA,TOV,MP,AST,ppg,fga_game,fg_game,3pa_game,3p_game,fta_game,ft_game,ft_pct,min_game,ast_game
1977,5,12179,2813,5017,11283,0.0,0.0,2145,3144,0.0,37226,3413,4.32954141485958,4.011020263064344,1.7835051546391754,0.0,0.0,1.117667970138642,0.76253110558123,0.6822519083969466,13.233558478492712,1.2132954141485959
1977,4,22221,3297,8890,20012,0.0,0.0,4441,6035,0.0,62969,5461,6.739763421292084,6.0697603882317255,2.6963906581740975,0.0,0.0,1.8304519259933272,1.3469821049438884,0.7358740679370339,19.098877767667577,1.6563542614498028
1977,3,31962,3644,13042,28372,0.0,0.0,5878,8229,0.0,86547,9052,8.771130625686059,7.785949506037322,3.579034028540066,0.0,0.0,2.258232711306257,1.6130625686059274,0.714303074492648,23.75054884742042,2.4840834248079036
1977,2,45463,3669,18161,39343,0.0,0.0,9141,12074,0.0,104264,10923,12.39111474516217,10.723085309348596,4.94985009539384,0.0,0.0,3.29081493594985,2.4914145543744888,0.7570813317873116,28.417552466612158,2.9771054783319704
1977,1,74631,3752,29954,61846,0.0,0.0,14723,18840,0.0,130479,13002,19.89099147121535,16.483475479744136,7.983475479744136,0.0,0.0,5.021321961620469,3.9240405117270787,0.7814755838641189,34.77585287846482,3.465351812366738
1978,5,12313,2834,5048,11828,0.0,0.0,2217,3250,2854.0,38989,3339,4.344742413549753,4.173606210303458,1.7812279463655611,0.0,0.0,1.146788990825688,0.7822865208186309,0.6821538461538461,13.757586450247,1.1781933662667607
1978,4,23106,3282,9257,20493,0.0,0.0,4592,6268,4963.0,67032,6650,7.040219378427788,6.244058500914077,2.820536258379037,0.0,0.0,1.9098110907982937,1.3991468616697136,0.7326100829610721,20.424131627056674,2.0262035344302256
1978,3,33534,3440,13567,29107,0.0,0.0,6400,8459,6530.0,84903,9417,9.748255813953488,8.461337209302325,3.9438953488372093,0.0,0.0,2.459011627906977,1.8604651162790697,0.7565906135477006,24.68110465116279,2.7375
1978,2,47278,3535,18951,40026,0.0,0.0,9376,12697,8816.0,103008,10501,13.374257425742574,11.322772277227722,5.360961810466761,0.0,0.0,3.5917963224893916,2.6523338048090523,0.7384421516893754,29.13946251768034,2.9705799151343704
1978,1,74309,3677,29707,61337,0.0,0.0,14895,19123,11507.0,129114,14033,20.209137884144685,16.681261898286646,8.079140603753059,0.0,0.0,5.200707098177863,4.050856676638564,0.7789049835276892,35.1139515909709,3.8164264345934185
1979,5,12467,2922,5067,11488,0.0,0.0,2333,3360,3042.0,41339,4082,4.266598220396989,3.9315537303216974,1.7340862422997947,0.0,0.0,1.1498973305954825,0.7984257357973991,0.6943452380952381,14.147501711156742,1.3969883641341547
1979,4,23913,3362,9711,20834,0.0,0.0,4491,6157,4893.0,65772,6186,7.112730517549078,6.196906603212374,2.888459250446163,0.0,0.0,1.8313503866745984,1.335812016656752,0.7294136754913108,19.56335514574658,1.8399762046400951
1979,3,34914,3435,14226,29106,0.0,0.0,6462,8629,6498.0,86428,9394,10.164192139737992,8.473362445414848,4.141484716157205,0.0,0.0,2.512081513828239,1.8812227074235808,0.7488700892339785,25.16098981077147,2.7347889374090246
1979,2,50515,3425,20559,42695,0.0,0.0,9397,12107,8951.0,105387,12018,14.748905109489051,12.465693430656934,6.002627737226278,0.0,0.0,3.5348905109489053,2.7436496350364963,0.7761625505905675,30.76992700729927,3.508905109489051
1979,1,72839,3527,28996,57309,0.0,0.0,14847,19501,10820.0,124029,13713,20.651828749645592,16.24865324638503,8.221151119931953,0.0,0.0,5.529061525375673,4.209526509781684,0.7613455720219476,35.16557981287213,3.888006804649844
1980,5,13273,2910,5342,12153,106.0,400.0,2483,3505,2936.0,42480,4213,4.561168384879725,4.176288659793815,1.8357388316151202,0.13745704467353953,0.036426116838487975,1.20446735395189,0.8532646048109965,0.7084165477888731,14.597938144329897,1.447766323024055
1980,4,23148,3274,9313,20055,141.0,547.0,4381,5992,5076.0,67289,7222,7.0702504581551615,6.125534514355528,2.844532681734881,0.1670739156994502,0.04306658521686011,1.8301771533292608,1.33811850946854,0.7311415220293725,20.552535125229078,2.2058643860720832
1980,3,34186,3318,13669,28727,326.0,1137.0,6522,8431,6203.0,85564,9442,10.303194695599759,8.65792646172393,4.11965039180229,0.3426763110307414,0.09825195901145269,2.5409885473176614,1.9656419529837252,0.7735737160479184,25.787823990355637,2.845690174804099
1980,2,47446,3463,19169,39455,401.0,1294.0,8707,11543,8147.0,102922,11437,13.70083742419867,11.393300606410627,5.535373953219752,0.3736644527866012,0.11579555298873809,3.3332370776783136,2.51429396477043,0.7543099714112449,29.7204735778227,3.3026277793820387
1980,1,72844,3569,28786,57518,387.0,1444.0,14885,18818,9899.0,122690,12855,20.41019893527599,16.115998879237882,8.065564583917064,0.40459512468478565,0.10843373493975904,5.272625385261978,4.1706360325021015,0.7909979806568179,34.37657607172878,3.601849257495097
1981,5,11273,2760,4566,10403,108.0,382.0,2033,2987,2698.0,38724,3840,4.084420289855072,3.7692028985507244,1.6543478260869566,0.13840579710144926,0.0391304347826087,1.0822463768115942,0.7365942028985507,0.6806160026782725,14.030434782608696,1.391304347826087
1981,4,23221,3470,9185,19481,62.0,313.0,4789,6758,5044.0,69139,6897,6.69193083573487,5.614121037463977,2.6469740634005765,0.09020172910662824,0.017867435158501442,1.947550432276657,1.380115273775216,0.7086416099437703,19.924783861671468,1.987608069164265
1981,3,34935,3634,14119,29177,226.0,890.0,6471,8684,6345.0,91779,10083,9.613373692900385,8.028893780957622,3.885250412768299,0.2449091909741332,0.06219042377545404,2.3896532746285084,1.7806824435883324,0.745163519115615,25.255641166758394,2.7746285085305447
1981,2,51756,3701,20412,41485,129.0,606.0,10803,14236,9219.0,107194,12283,13.98432855984869,11.209132666846799,5.515266144285328,0.16373952985679546,0.03485544447446636,3.8465279654147526,2.9189408268035666,0.7588508007867378,28.963523372061605,3.3188327479059714
1981,1,75845,3798,30066,60034,328.0,1309.0,15385,19833,10041.0,130429,12938,19.969720905739862,15.806740389678778,7.916271721958926,0.3446550816219063,0.08636124275934702,5.221958925750395,4.050816219062664,0.7757273231482882,34.34149552395998,3.4065297525013163
1982,5,11338,2977,4551,10174,46.0,211.0,2190,3278,2619.0,38891,3086,3.8085320792744373,3.417534430634867,1.5287201881088344,0.07087672153174336,0.015451797111185758,1.1011084984884112,0.7356399059455828,0.6680902989627822,13.063822640241854,1.0366140409808533
1982,4,22623,3490,9079,18839,206.0,726.0,4259,6138,4218.0,65347,5951,6.482234957020057,5.397994269340974,2.601432664756447,0.20802292263610314,0.05902578796561605,1.7587392550143266,1.2203438395415473,0.6938742261322907,18.72406876790831,1.7051575931232092
1982,3,36560,3785,14616,30820,256.0,976.0,7072,9363,6440.0,91029,10548,9.659180977542933,8.142668428005283,3.861558784676354,0.25785997357992074,0.06763540290620872,2.4737120211360635,1.8684280052840159,0.7553134679055858,24.04993394980185,2.786789960369881
1982,2,48517,3715,19425,38917,313.0,1066.0,9354,12212,7784.0,105595,11962,13.059757738896366,10.47563930013459,5.228802153432032,0.2869448183041723,0.08425302826379542,3.28721399730821,2.517900403768506,0.7659679004258106,28.423956931359353,3.219919246298789
1982,1,79024,3945,31370,61847,243.0,1091.0,16041,21066,10596.0,136597,14152,20.03143219264892,15.677313054499367,7.951837769328264,0.276552598225602,0.061596958174904945,5.339923954372623,4.066159695817491,0.7614639703788094,34.62534854245881,3.5873257287705957
1983,5,11201,2871,4506,10204,51.0,267.0,2138,3151,2693.0,36098,3119,3.901428073841867,3.5541623127830024,1.5694879832810866,0.09299895506792058,0.017763845350052248,1.0975269940787182,0.7446882619296412,0.6785147572199302,12.573319400905607,1.0863810518982933
1983,4,21535,3544,8640,18523,62.0,358.0,4193,5979,4885.0,64900,6886,6.076467268623025,5.22658013544018,2.4379232505643342,0.1010158013544018,0.017494356659142212,1.687076749435666,1.1831264108352144,0.7012878407760496,18.312641083521445,1.943002257336343
1983,3,35324,3778,14380,30171,273.0,1017.0,6291,8581,6652.0,89818,9912,9.3499205929063,7.985971413446268,3.8062466913710957,0.26919004764425625,0.07226045526733721,2.2713075701429326,1.6651667548967708,0.7331313366740473,23.77395447326628,2.6236103758602436
1983,2,49364,3765,19876,41000,228.0,988.0,9384,12685,9055.0,110895,13486,13.11128818061089,10.889774236387781,5.279150066401062,0.26241699867197876,0.06055776892430279,3.3691899070385127,2.4924302788844623,0.7397713835238471,29.454183266932272,3.5819389110225766
1983,1,80023,3910,31859,62786,322.0,1338.0,15983,20831,10790.0,133997,13595,20.46624040920716,16.05780051150895,8.148081841432225,0.3421994884910486,0.08235294117647059,5.327621483375959,4.08772378516624,0.767269934232634,34.27033248081842,3.476982097186701
1984,5,11066,3065,4464,9742,46.0,268.0,2092,3011,2457.0,36672,3147,3.6104404567699837,3.1784665579119085,1.4564437194127242,0.08743882544861338,0.01500815660685155,0.9823817292006525,0.6825448613376836,0.6947857854533378,11.964763458401306,1.0267536704730833
1984,4,22710,3587,9039,18980,141.0,620.0,4491,6126,4256.0,66818,6191,6.331195985503206,5.2913298020630055,2.5199330917201004,0.1728463897407304,0.03930861444103708,1.7078338444382493,1.2520211876219682,0.7331047992164544,18.627822693058267,1.7259548369110678
1984,3,35665,3888,14195,29487,258.0,1010.0,7017,9427,6681.0,90898,11522,9.17309670781893,7.584104938271605,3.650977366255144,0.25977366255144035,0.06635802469135803,2.4246399176954734,1.804783950617284,0.7443513312824864,23.379115226337447,2.963477366255144
1984,2,51335,3876,20264,40939,274.0,1125.0,10533,13740,8340.0,114368,13832,13.244324045407637,10.56217750257998,5.228070175438597,0.29024767801857587,0.07069143446852426,3.544891640866873,2.7174922600619196,0.7665938864628821,29.50670794633643,3.5686274509803924
1984,1,83359,4019,32666,64322,367.0,1346.0,17660,22619,10751.0,137012,13672,20.741229161482956,16.004478726051257,8.12789251057477,0.3349091813884051,0.0913162478228415,5.628016919631749,4.394127892510575,0.7807595384411335,34.091067429708886,3.4018412540432945
1985,5,10322,2955,4028,9037,74.0,308.0,2192,3183,2454.0,34423,2501,3.4930626057529612,3.058206429780034,1.3631133671742808,0.10423011844331641,0.025042301184433163,1.0771573604060913,0.7417935702199662,0.6886584982720704,11.64906937394247,0.8463620981387479
1985,4,21509,3540,8708,18156,122.0,494.0,3971,5515,4304.0,64990,5843,6.075988700564972,5.128813559322034,2.4598870056497173,0.13954802259887006,0.03446327683615819,1.557909604519774,1.1217514124293786,0.7200362647325476,18.358757062146893,1.6505649717514124
1985,3,34607,3818,13743,28020,453.0,1498.0,6668,8767,6175.0,87928,10586,9.064169722367732,7.338920900995285,3.599528548978523,0.392352016762703,0.11864850707176532,2.2962283918281825,1.7464641173389208,0.7605794456484545,23.02985856469356,2.7726558407543216
1985,2,53322,3863,21193,43032,302.0,1129.0,10634,13755,8153.0,114540,13107,13.80326171369402,11.13952886357753,5.4861506601087235,0.29225990163085686,0.07817758219000777,3.5607041159720425,2.752782811286565,0.7731006906579425,29.650530675640695,3.3929588402795754
1985,1,83400,3977,32564,64822,671.0,2271.0,17601,22413,10924.0,138423,15848,20.970580839829015,16.299220517978377,8.188081468443551,0.5710334422931859,0.16872014080965553,5.635655016343978,4.425697762132261,0.7853031722660956,34.8058838320342,3.9849132511943677
1986,5,11434,2969,4560,10173,84.0,388.0,2230,3431,2458.0,37557,2707,3.851128326035702,3.426406197372853,1.5358706635230717,0.13068373189626137,0.028292354328056584,1.1556079488043112,0.7510946446615022,0.6499562809676479,12.6497137083193,0.9117547995958235
1986,4,23804,3556,9329,19772,360.0,1189.0,4786,6425,4325.0,66064,6126,6.694038245219348,5.560179977502812,2.623453318335208,0.3343644544431946,0.10123734533183353,1.8068053993250843,1.3458942632170978,0.7449027237354086,18.578177727784027,1.7227221597300337
1986,3,34754,3684,13709,28027,471.0,1491.0,6865,9329,6237.0,87808,10526,9.433767643865364,7.607763300760044,3.721226927252986,0.40472312703583063,0.1278501628664495,2.5323018458197613,1.8634636264929425,0.7358773716368314,23.834961997828447,2.8572204125950056
1986,2,51244,3863,20359,41733,332.0,1317.0,10194,13520,7923.0,111497,13010,13.26533782034688,10.80326171369402,5.27025627750453,0.34092674087496766,0.08594356717577013,3.499870566916904,2.6388816981620504,0.7539940828402367,28.862800931918198,3.367848822158944
1986,1,78401,3873,30333,60427,455.0,1613.0,17280,21853,10623.0,132698,14781,20.242964110508648,15.602117221791893,7.8319132455460885,0.41647301833204237,0.11747998967208882,5.642396075393751,4.461657629744384,0.7907381137601245,34.262328943971085,3.8164213787761425
1987,5,10859,2987,4285,9787,114.0,530.0,2175,3090,2225.0,37324,2832,3.6354201540006694,3.2765316370940742,1.4345497154335454,0.17743555406762637,0.0381653833277536,1.0344827586206897,0.7281553398058253,0.7038834951456311,12.49548041513224,0.9481084700368263
1987,4,21362,3329,8374,18121,310.0,1052.0,4304,5921,3941.0,58320,5879,6.4169420246320215,5.443376389306098,2.515470111144488,0.31601081405827575,0.09312105737458697,1.778612195854611,1.292880744968459,0.7269042391487924,17.51877440672875,1.7659957945328928
1987,3,34417,3655,13565,29241,596.0,1938.0,6691,8983,5734.0,86043,9883,9.41641586867305,8.000273597811217,3.7113543091655266,0.5302325581395348,0.1630642954856361,2.457729138166895,1.8306429548563612,0.7448513859512412,23.541176470588237,2.703967168262654
1987,2,49683,3838,19079,39546,678.0,2143.0,10847,14107,7435.0,115918,12622,12.945023449713393,10.303804064616989,4.97107868681605,0.5583637311099531,0.17665450755601875,3.6756122980719126,2.8262115685252738,0.768909052243567,30.202709744658677,3.2886920270974467
1987,1,83203,3957,32090,63842,931.0,2978.0,18092,22983,10642.0,138910,15739,21.02678797068486,16.133939853424312,8.109679049785191,0.7525903462218853,0.23527925195855445,5.8081880212282035,4.572150619155926,0.7871905321324457,35.10487743239828,3.9775082132928987
1988,5,11216,3019,4405,9626,73.0,330.0,2333,3355,2444.0,41408,3044,3.7151374627360054,3.1884730043060614,1.4590924147068565,0.1093077177873468,0.0241801921165949,1.111295130838026,0.7727724412056972,0.6953800298062593,13.715799933752898,1.0082808877111626
1988,4,22523,3403,8835,19445,532.0,1596.0,4321,5688,3978.0,62251,6576,6.618571848369086,5.714075815456949,2.5962386129885395,0.4689979429914781,0.15633264766382604,1.671466353217749,1.269761974728181,0.7596694796061885,18.292976785189538,1.9324125771378196
1988,3,34254,3580,13535,28506,675.0,2094.0,6509,8786,5685.0,85031,8487,9.568156424581005,7.9625698324022345,3.78072625698324,0.5849162011173185,0.18854748603351956,2.4541899441340784,1.8181564245810056,0.7408376963350786,23.75167597765363,2.3706703910614526
1988,2,50432,3814,19612,40581,435.0,1506.0,10773,14020,7556.0,114016,12569,13.222863135815416,10.64001048767698,5.14210802307289,0.39486103828002095,0.1140534871525957,3.675930781331935,2.8245936025170426,0.7684022824536376,29.894074462506556,3.2954902988987937
1988,1,77717,3786,30044,60237,1126.0,3397.0,16503,20862,9883.0,132579,16101,20.527469624933968,15.910459587955627,7.9355520338087695,0.8972530375066032,0.29741151611199157,5.510301109350237,4.358954041204437,0.7910555076215128,35.01822503961965,4.252773375594295
1989,5,10348,3155,4090,9279,98.0,441.0,2070,3119,2316.0,34327,2815,3.2798732171156892,2.9410459587955624,1.2963549920760697,0.13977812995245642,0.031061806656101427,0.9885895404120444,0.6561014263074485,0.663674254568772,10.880190174326465,0.8922345483359746
1989,4,23189,3714,9216,20171,434.0,1510.0,4323,5835,4333.0,69064,6173,6.243672590199246,5.431071620893915,2.481421647819063,0.40656973613354874,0.11685514270328487,1.5710823909531502,1.1639741518578353,0.7408740359897172,18.595584275713517,1.6620893914916532
1989,3,36855,4007,14616,30913,742.0,2288.0,6881,9225,6329.0,96337,11318,9.197654105315697,7.714749188919391,3.6476166708260545,0.5710007486897929,0.18517594210132268,2.3022211130521586,1.717244821562266,0.7459078590785908,24.042176191664588,2.82455702520589
1989,2,57308,4157,22319,47212,1437.0,4240.0,11233,14676,8476.0,123655,12064,13.785903295645898,11.357228770748137,5.36901611739235,1.0199663218667308,0.345681982198701,3.530430598989656,2.702189078662497,0.7653992913600436,29.746211210007218,2.902092855424585
1989,1,89439,4362,34266,68974,1538.0,4650.0,19369,24163,11834.0,153774,18141,20.504126547455297,15.81247134342045,7.855570839064649,1.0660247592847318,0.35259055479138013,5.539431453461715,4.440394314534617,0.8015974837561561,35.25309491059147,4.158872077028886
1990,5,11072,3341,4357,10127,236.0,859.0,2122,3187,2548.0,41756,3927,3.3139778509428317,3.0311284046692606,1.3041005686920084,0.25710865010475903,0.07063753367255313,0.9539060161628256,0.6351391798862616,0.665829934107311,12.498054474708171,1.1753965878479498
1990,4,24241,4078,9584,21024,576.0,1714.0,4497,6326,4221.0,73343,7039,5.9443354585581165,5.155468366846494,2.350171652770966,0.42030407062285435,0.14124570868072583,1.5512506130456105,1.1027464443354587,0.7108757508694278,17.98504168710152,1.7260912211868562
1990,3,41011,4309,16082,34382,737.0,2344.0,8110,10885,6461.0,108023,10881,9.517521466697609,7.979113483406823,3.732188442794152,0.5439777210489672,0.17103736365746114,2.526108145741471,1.882107217451845,0.7450620119430409,25.069157577164074,2.5251798561151078
1990,2,59881,4371,23641,49508,1285.0,3875.0,11314,14869,8274.0,132214,12931,13.69961107298101,11.326469915351177,5.408602150537634,0.8865248226950354,0.293983070235644,3.4017387325554793,2.588423701670098,0.7609119644898783,30.247998169755206,2.958361930908259
1990,1,92689,4553,35190,70784,1885.0,5397.0,20424,25423,11574.0,159781,18519,20.35778607511531,15.546672523610805,7.728969909949484,1.1853722820118604,0.4140127388535032,5.583790907094223,4.485833516362837,0.8033670298548559,35.09356468262684,4.067428069404788
1991,5,12998,3546,5095,11421,178.0,672.0,2630,3889,2573.0,43958,3030,3.6655386350817825,3.220812182741117,1.436830231246475,0.1895093062605753,0.050197405527354765,1.0967287084038353,0.7416807670614777,0.6762663923887889,12.396503102086859,0.8544839255499154
1991,4,23413,4016,9243,20555,631.0,1954.0,4296,6128,4136.0,70057,6003,5.829930278884462,5.118276892430279,2.301543824701195,0.4865537848605578,0.1571215139442231,1.5258964143426295,1.0697211155378485,0.7010443864229765,17.444472111553786,1.4947709163346614
1991,3,40283,4266,16029,33748,621.0,2106.0,7604,10163,6814.0,110483,11902,9.442803563056728,7.910923581809658,3.757383966244726,0.4936708860759494,0.14556962025316456,2.3823253633380217,1.7824660103141117,0.7482042703926006,25.898499765588372,2.7899671823722456
1991,2,59607,4391,23563,49639,1086.0,3556.0,11395,14946,8264.0,129495,11940,13.574812115691186,11.304714188112047,5.366203598269187,0.8098383056251424,0.24732407196538375,3.4037804600318835,2.595080847187429,0.7624113475177305,29.491004327032567,2.719198360282396
1991,1,90892,4521,34477,70296,2280.0,6669.0,19658,24345,11353.0,160651,19867,20.104401681044017,15.548772395487724,7.625967706259677,1.4751161247511613,0.504313205043132,5.384870603848706,4.348153063481531,0.8074758677346477,35.53439504534395,4.394381773943818
1992,5,10869,3258,4344,10077,319.0,1062.0,1862,2692,2226.0,40130,3435,3.3360957642725597,3.093001841620626,1.3333333333333333,0.3259668508287293,0.09791282995702885,0.8262737875997545,0.5715162676488643,0.6916790490341753,12.317372621240025,1.054327808471455
1992,4,25272,4028,10019,21975,545.0,1709.0,4689,6607,4271.0,71989,6818,6.274081429990069,5.455561072492552,2.48733862959285,0.4242800397219464,0.13530287984111222,1.6402681231380338,1.164101290963257,0.709701831390949,17.87214498510427,1.6926514399205561
1992,3,40586,4269,16155,34449,793.0,2487.0,7483,10086,6190.0,106730,10041,9.507144530334973,8.0695713281799,3.7842586085734364,0.5825720309205903,0.1857577887092996,2.3626141953619113,1.7528695244788006,0.7419194923656554,25.00117123448114,2.3520730850316234
1992,2,59573,4435,23683,49965,950.0,3110.0,11257,14976,8315.0,131063,12752,13.432468996617812,11.266065388951523,5.340022547914318,0.7012401352874859,0.21420518602029312,3.376775648252537,2.5382187147688837,0.7516693376068376,29.551972942502818,2.8753100338218713
1992,1,89308,4632,34181,69936,2784.0,7825.0,18162,22809,11141.0,165231,19332,19.280656303972368,15.098445595854923,7.379317789291883,1.68933506044905,0.6010362694300518,4.924222797927461,3.9209844559585494,0.7962646323819544,35.67163212435233,4.1735751295336785
1993,5,12461,3400,4876,11262,398.0,1285.0,2311,3249,2589.0,44205,3698,3.665,3.3123529411764707,1.4341176470588235,0.3779411764705882,0.11705882352941177,0.9555882352941176,0.6797058823529412,0.711295783317944,13.001470588235295,1.0876470588235294
1993,4,25940,3976,10322,22152,559.0,1737.0,4737,6731,4331.0,76997,6708,6.5241448692152915,5.571428571428571,2.596076458752515,0.4368712273641851,0.14059356136820925,1.6929074446680081,1.1913983903420524,0.7037587282721736,19.365442655935613,1.687122736418511
1993,3,39394,4236,15382,32688,1022.0,3142.0,7608,10235,6028.0,99279,9637,9.299811142587346,7.71671388101983,3.6312559017941455,0.7417374881964117,0.2412653446647781,2.416194523135033,1.7960339943342776,0.7433317049340499,23.436968838526912,2.2750236071765815
1993,2,57991,4329,22387,46824,1676.0,4943.0,11541,15290,8390.0,130676,14836,13.395934395934395,10.816354816354817,5.171402171402171,1.1418341418341418,0.38715638715638717,3.531993531993532,2.665973665973666,0.7548070634401569,30.186186186186188,3.427119427119427
1993,1,87917,4526,33536,69334,2830.0,8043.0,18015,22989,11175.0,161187,17807,19.424878479893945,15.319045514803358,7.4096332302253645,1.7770658418029164,0.6252761820592134,5.0793194874060985,3.9803358373840036,0.7836356518334856,35.61356606274856,3.9343791427308883
1994,5,12964,3385,5056,11491,357.0,1140.0,2495,3581,2416.0,42306,3230,3.829837518463811,3.3946824224519943,1.4936484490398818,0.33677991137370755,0.10546528803545052,1.0579025110782865,0.7370753323485968,0.6967327562133482,12.49807976366322,0.9542097488921714
1994,4,24923,3913,9773,21275,603.0,1860.0,4774,6784,4442.0,75465,5716,6.369281880909788,5.437004855609507,2.497572195246614,0.4753386148734986,0.15410171224124714,1.7337081523128035,1.220035778175313,0.7037146226415094,19.285714285714285,1.4607717863531817
1994,3,38611,4202,15119,32586,1224.0,3758.0,7149,9901,6036.0,99347,9310,9.188719657306045,7.754878629224179,3.5980485483103286,0.8943360304616849,0.2912898619704902,2.3562589243217515,1.7013326987148976,0.722048277951722,23.64278914802475,2.2156116135173725
1994,2,55688,4296,21615,46755,2083.0,6299.0,10375,13951,8490.0,131909,15692,12.962756052141527,10.883379888268156,5.031424581005586,1.466247672253259,0.48486964618249534,3.24743947858473,2.4150372439478587,0.7436742885814637,30.70507448789572,3.6527001862197395
1994,1,83970,4525,32145,66937,2739.0,7904.0,16941,22369,11196.0,159093,17834,18.556906077348067,14.792707182320441,7.103867403314917,1.7467403314917127,0.6053038674033149,4.943425414364641,3.7438674033149173,0.7573427511287943,35.15867403314917,3.9412154696132595
1995,5,11648,3307,4480,10207,528.0,1656.0,2160,3226,2368.0,40063,2953,3.522225582098579,3.086483217417599,1.354702146960992,0.5007559721802237,0.15966132446325976,0.9755065013607499,0.6531599637133354,0.6695598264104153,12.114605382521923,0.8929543392803145
1995,4,23176,3872,9002,19664,952.0,2819.0,4220,6188,4414.0,74003,6413,5.985537190082645,5.078512396694215,2.324896694214876,0.7280475206611571,0.24586776859504134,1.5981404958677685,1.0898760330578512,0.6819650937297996,19.112345041322314,1.65625
1995,3,38326,4259,14525,30803,1840.0,5084.0,7436,10117,5967.0,100431,9024,8.998826015496595,7.232448931674102,3.4104249823902326,1.1937074430617516,0.4320262972528763,2.3754402441887765,1.7459497534632542,0.7350004942176535,23.580887532284574,2.1188072317445408
1995,2,54440,4381,20605,44151,3232.0,8854.0,9998,13769,7969.0,131097,12908,12.426386669710112,10.07783611047706,4.70326409495549,2.0209997717416117,0.7377311116183519,3.1428897511983567,2.2821273681807805,0.7261239015179025,29.923989956630905,2.9463592787034925
1995,1,87312,4581,31947,67472,5185.0,14170.0,18233,23756,11577.0,163691,18254,19.059593975114606,14.728661864221786,6.973804846103471,3.0932110892818163,1.1318489412791968,5.185767299716219,3.9801353416284653,0.7675113655497559,35.732591137306265,3.984719493560358
1996,5,11918,3543,4449,10467,695.0,2020.0,2325,3463,2692.0,43562,3242,3.363815975162292,2.9542760372565624,1.2557154953429297,0.5701383008749648,0.19616144510302003,0.9774202653118825,0.6562235393734124,0.6713831937626336,12.295230031047135,0.9150437482359582
1996,4,23269,4157,8934,19570,1032.0,2971.0,4369,6413,4186.0,74541,4995,5.597546307433245,4.707721914842434,2.149146018763531,0.7146980995910512,0.2482559538128458,1.5426990618234304,1.0509983160933365,0.6812724154062061,17.93144094298773,1.2015876834255472
1996,3,41197,4478,15669,34333,2342.0,6564.0,7517,10319,6296.0,107681,9013,9.199866011612327,7.667038856632425,3.4991067440821797,1.4658329611433676,0.5230013398838768,2.3043769539973202,1.6786511835640912,0.7284620602771587,24.04667262170612,2.0127288968289414
1996,2,59327,4722,21988,47242,3996.0,10568.0,11355,15062,8927.0,144368,15812,12.563955950868277,10.004659042778483,4.656501482422702,2.238034731046167,0.8462515883100381,3.189750105887336,2.4047013977128335,0.7538839463550657,30.573485811096994,3.34858110969928
1996,1,91149,4932,33471,70610,5333.0,14244.0,18874,24719,12292.0,177615,18646,18.481143552311437,14.316707218167073,6.786496350364963,2.8880778588807785,1.0813057583130576,5.011962692619627,3.826845093268451,0.7635422144908774,36.012773722627735,3.780616382806164
1997,5,12064,3507,4551,10423,564.0,1703.0,2398,3498,2439.0,43686,2906,3.4399771884801824,2.972055888223553,1.2976903336184773,0.48560022811519815,0.16082121471343028,0.9974337040205303,0.6837753065297976,0.6855345911949685,12.456800684345595,0.8286284573709723
1997,4,22415,4027,8471,19499,1736.0,4889.0,3737,5368,4063.0,72139,5547,5.566178296498634,4.842066054134592,2.103551030543829,1.2140551278867644,0.43109014154457415,1.3330022349143282,0.9279860938664017,0.6961624441132638,17.913831636453935,1.377452197665756
1997,3,37015,4307,13848,30386,2241.0,6277.0,7078,9856,6237.0,109468,9997,8.594149059670304,7.0550267007197585,3.2152310192709543,1.4573949384722544,0.5203157650336662,2.288367773392152,1.6433712560947296,0.7181412337662337,25.416299048061294,2.3211051776178313
1997,2,57850,4487,21711,46582,3752.0,10189.0,10676,14393,8358.0,138592,11674,12.892801426342768,10.381546690439047,4.838644974370403,2.2707822598618232,0.8361934477379095,3.2077111655894806,2.3793180298640517,0.741749461543806,30.88745264096278,2.6017383552484956
1997,1,89671,4740,32889,71362,5426.0,14793.0,18467,24023,12481.0,176609,19821,18.917932489451477,15.055274261603376,6.938607594936709,3.1208860759493673,1.1447257383966245,5.068143459915611,3.8959915611814346,0.76872164175998,37.25928270042194,4.181645569620253
1998,5,12003,3532,4625,10677,368.0,1216.0,2385,3718,2490.0,45828,3030,3.398357870894677,3.022933182332956,1.3094563986409966,0.34428086070215175,0.10419026047565119,1.0526613816534542,0.6752548131370328,0.64147391070468,12.975084937712344,0.8578708946772367
1998,4,25173,4110,9600,22336,1519.0,4406.0,4454,6239,4533.0,81181,7238,6.124817518248175,5.434549878345499,2.335766423357664,1.0720194647201946,0.36958637469586375,1.5180048661800487,1.083698296836983,0.7138964577656676,19.75206812652068,1.7610705596107057
1998,3,39035,4374,14702,32889,1956.0,5487.0,7675,10438,6473.0,112909,10412,8.924325560128029,7.51920438957476,3.361225422953818,1.2544581618655692,0.44718792866941015,2.386374028349337,1.7546867855509831,0.7352941176470589,25.813671696387747,2.380429812528578
1998,2,55594,4641,20764,46294,2918.0,8398.0,11148,14892,8204.0,138753,13463,11.978883861236802,9.975005386770093,4.474035768153415,1.8095238095238095,0.6287438052143934,3.208791208791209,2.4020685197155784,0.7485898468976632,29.89722042663219,2.900883430295195
1998,1,84180,4618,31479,67239,3250.0,9365.0,17972,23798,11457.0,163699,15746,18.22867042009528,14.56019922044175,6.816587267215245,2.027934170636639,0.70376786487657,5.153313122563881,3.89172802078822,0.7551895117236742,35.44802944997834,3.4097011693373753
1999,5,8378,1947,3216,7541,325.0,1024.0,1621,2464,1542.0,32277,2001,4.303030303030303,3.8731381612737543,1.6517719568567026,0.5259373394966615,0.16692347200821778,1.265536723163842,0.83256291730868,0.6578733766233766,16.577812018489986,1.0277349768875192
1999,4,14546,2016,5582,12626,810.0,2360.0,2572,3725,2470.0,46584,3722,7.215277777777778,6.262896825396825,2.7688492063492065,1.1706349206349207,0.4017857142857143,1.847718253968254,1.2757936507936507,0.6904697986577181,23.107142857142858,1.8462301587301588
1999,3,19364,2026,7278,16345,1072.0,2855.0,3736,5123,2955.0,51914,3759,9.557749259624877,8.06762092793682,3.592300098716683,1.4091806515301086,0.5291214215202369,2.5286278381046396,1.8440276406712734,0.7292601991020886,25.623889437314908,1.8553800592300098
1999,2,24667,1984,9065,20922,1437.0,4239.0,5100,6725,3731.0,62450,5971,12.43296370967742,10.545362903225806,4.569052419354839,2.136592741935484,0.7242943548387096,3.389616935483871,2.5705645161290325,0.758364312267658,31.476814516129032,3.009576612903226
1999,1,37715,2025,13882,30564,1471.0,4388.0,8480,11322,5385.0,74251,7935,18.62469135802469,15.093333333333334,6.855308641975308,2.1669135802469137,0.7264197530864197,5.591111111111111,4.187654320987654,0.7489842783960431,36.66716049382716,3.9185185185185185
2000,5,12299,3477,4805,11444,558.0,1780.0,2131,3220,2371.0,43581,3044,3.537244751222318,3.2913431118780556,1.3819384526890999,0.5119355766465343,0.16048317515099222,0.9260857060684499,0.6128846706931262,0.6618012422360249,12.534081104400345,0.8754673569168824
2000,4,25444,4174,9792,21815,1094.0,3140.0,4766,6657,4292.0,82305,6138,6.095831336847149,5.22640153330139,2.3459511260182078,0.7522759942501198,0.2620987062769526,1.5948730234786774,1.1418303785337804,0.7159381102598769,19.7184954480115,1.4705318639195017
2000,3,36931,4579,14071,31773,2301.0,6348.0,6488,8672,6023.0,105757,9804,8.065298100021838,6.938851277571522,3.0729416903253988,1.3863288927713475,0.5025114653854553,1.8938632889277134,1.4169032539855864,0.7481549815498155,23.096090849530466,2.141078838174274
2000,2,54703,4664,20685,45828,2952.0,8276.0,10381,13819,8279.0,135826,13317,11.72877358490566,9.825900514579759,4.435034305317324,1.7744425385934819,0.6329331046312179,2.9629073756432245,2.2257718696397943,0.751212099283595,29.12221269296741,2.8552744425385934
2000,1,92141,4913,34354,74958,4089.0,11393.0,19344,24912,12504.0,174942,18127,18.754528801139834,15.25707307144311,6.9924689599023,2.318949725218807,0.8322817016079789,5.07062894361897,3.9373091797272544,0.7764932562620424,35.607978831671076,3.6895990230002034
2001,5,12082,3446,4719,11110,607.0,1828.0,2037,2973,2343.0,46514,2925,3.506094022054556,3.224027858386535,1.3694138131166569,0.53047011027278,0.17614625652930935,0.8627394080092862,0.5911201392919326,0.6851664984863775,13.497968659315148,0.8488102147417296
2001,4,22476,4076,8715,20140,1059.0,3087.0,3987,5683,4199.0,75691,5793,5.5142296368989205,4.941118743866536,2.138125613346418,0.757360157016683,0.2598135426889107,1.3942590775269872,0.9781648675171737,0.7015660742565546,18.569921491658487,1.4212463199214918
2001,3,35285,4343,13272,30188,1817.0,5148.0,6924,9514,5919.0,105981,8764,8.124568270780566,6.950955560672346,3.055952106838591,1.1853557448768133,0.4183743955790928,2.190651623301865,1.5942896615242919,0.7277696026907715,24.402717015887635,2.0179599355284368
2001,2,52299,4725,19697,44713,2920.0,8127.0,9985,13391,7808.0,135314,11201,11.06857142857143,9.463068783068783,4.168677248677248,1.72,0.617989417989418,2.834074074074074,2.113227513227513,0.7456500634754686,28.637883597883597,2.3705820105820106
2001,1,93076,4803,34574,75946,4660.0,12962.0,19268,24694,12118.0,179787,20831,19.378721632313137,15.812200707890902,7.198417655631896,2.698729960441391,0.9702269414948991,5.141369977097647,4.0116593795544455,0.7802705110553171,37.43222985633979,4.337080991047262
2002,5,12423,3504,4868,11557,553.0,1658.0,2134,3195,2326.0,46735,3346,3.545376712328767,3.2982305936073057,1.389269406392694,0.4731735159817352,0.15781963470319635,0.9118150684931506,0.6090182648401826,0.6679186228482004,13.337614155251142,0.9549086757990868
2002,4,23860,4080,9175,20895,1078.0,3284.0,4432,6401,4025.0,79321,5305,5.848039215686274,5.1213235294117645,2.2487745098039214,0.8049019607843138,0.2642156862745098,1.5688725490196078,1.0862745098039215,0.692391813779097,19.44142156862745,1.3002450980392157
2002,3,36906,4333,14179,32000,2063.0,5935.0,6485,8727,5641.0,108399,9019,8.517424417262866,7.385183475651973,3.2723286406646666,1.369720747749827,0.4761135471959381,2.0140780060004615,1.4966535887375951,0.7430961384209923,25.017078236787444,2.081467805215786
2002,2,53519,4619,20149,44807,3038.0,8497.0,10183,13469,7648.0,132838,12255,11.586707079454428,9.70058454210868,4.362199610305261,1.8395756657285127,0.6577181208053692,2.915999134011691,2.2045897380385364,0.7560323706288514,28.759038752976835,2.6531716821822906
2002,1,89573,4723,33506,73773,5187.0,14081.0,17374,22087,11186.0,173971,19295,18.96527630743172,15.61994495024349,7.094219775566377,2.981367774719458,1.0982426423883125,4.676476815583316,3.67859411391065,0.7866165617784217,36.83485073046792,4.085327122591573
2003,5,11747,3527,4607,10956,445.0,1425.0,2088,3133,2411.0,45027,2900,3.330592571590587,3.106322653813439,1.3062092429827048,0.4040260844910689,0.12616954919194784,0.8882903317266799,0.5920045364332294,0.6664538780721353,12.76637368868727,0.8222285228239297
2003,4,23881,4264,9241,21460,1169.0,3537.0,4230,6004,4474.0,81293,6835,5.600609756097561,5.032833020637899,2.1672138836772983,0.8295028142589118,0.274155722326454,1.4080675422138837,0.9920262664165104,0.7045303131245836,19.06496247654784,1.602954971857411
2003,3,36268,4504,13905,31415,2062.0,5945.0,6396,8861,5742.0,110456,8140,8.052397868561279,6.974911190053286,3.0872557726465364,1.3199378330373002,0.4578152753108348,1.9673623445825932,1.4200710479573713,0.7218146936011737,24.52397868561279,1.8072824156305507
2003,2,53077,4576,19945,44684,3515.0,9752.0,9672,12417,7635.0,135984,12753,11.598994755244755,9.76486013986014,4.35861013986014,2.1311188811188813,0.7681381118881119,2.7135052447552446,2.1136363636363638,0.778932109205122,29.716783216783217,2.7869318181818183
2003,1,92876,4819,34057,75763,4801.0,13490.0,19961,25293,12042.0,176190,18759,19.272878190495952,15.721726499273709,7.0672338659472915,2.7993359618178046,0.9962647852251505,5.2485992944594315,4.142145673376219,0.7891906851698098,36.56152728781905,3.8927163311890434
2004,5,12162,3575,4743,11100,370.0,1212.0,2306,3364,2410.0,46751,3040,3.401958041958042,3.104895104895105,1.3267132867132867,0.339020979020979,0.1034965034965035,0.940979020979021,0.645034965034965,0.6854934601664685,13.077202797202798,0.8503496503496504
2004,4,22236,3974,8549,19915,1236.0,3454.0,3902,5334,3862.0,73217,5849,5.59536990437846,5.011323603422245,2.1512330145948666,0.8691494715651736,0.3110216406643181,1.342224458983392,0.9818822345244087,0.7315335583052118,18.424006039255158,1.4718168092601913
2004,3,35305,4423,13369,30562,2090.0,6043.0,6477,8871,5687.0,106592,8658,7.982138819805562,6.909789735473661,3.022609088853719,1.3662672394302509,0.47252995704273115,2.00565227221343,1.4643906850553923,0.7301318904294893,24.099479990956365,1.9574949129550079
2004,2,54099,4640,20476,46327,3185.0,8912.0,9962,13305,8340.0,140823,12935,11.659267241379311,9.98426724137931,4.412931034482758,1.9206896551724137,0.6864224137931034,2.867456896551724,2.1469827586206898,0.7487410747839158,30.349784482758622,2.7877155172413794
2004,1,87912,4816,32178,72022,4940.0,14245.0,18616,23867,11659.0,174812,17921,18.254152823920265,14.954734219269103,6.681478405315614,2.957848837209302,1.0257475083056478,4.95577242524917,3.8654485049833887,0.779989106297398,36.298172757475086,3.7211378737541527
2005,5,13957,3755,5310,12429,698.0,2120.0,2639,3908,2649.0,53192,3457,3.7169107856191745,3.3099866844207724,1.4141145139813582,0.5645805592543276,0.1858854860186418,1.040745672436751,0.7027962716378162,0.675281473899693,14.165645805592543,0.9206391478029294
2005,4,25464,4327,9634,22135,1455.0,4159.0,4741,6513,4233.0,81808,6099,5.884908712733996,5.115553501271089,2.2264848624913336,0.9611740235729143,0.33626068869886755,1.505199907557199,1.0956782990524614,0.7279287578688777,18.906401663970417,1.4095216085047377
2005,3,38195,4606,14344,32286,2286.0,6532.0,7221,9922,5961.0,107957,9011,8.29244463742944,7.009552757273122,3.1141988710377766,1.4181502388189318,0.4963091619626574,2.1541467650890143,1.5677377333912288,0.7277766579318685,23.438341293964395,1.95636126791142
2005,2,56786,4657,21223,46486,3507.0,9592.0,10833,14065,7487.0,140076,12225,12.193686922911747,9.981962636890701,4.5572256817693795,2.0596950826712477,0.7530599098131845,3.020184668241357,2.3261756495598025,0.7702097404905794,30.07859136783337,2.625080523942452
2005,1,93413,4925,33719,73973,5191.0,14360.0,20784,26535,11660.0,177220,18745,18.96710659898477,15.01989847715736,6.846497461928934,2.9157360406091373,1.054010152284264,5.387817258883249,4.22010152284264,0.7832673827020916,35.98375634517767,3.8060913705583754
2006,5,11859,3639,4635,10607,377.0,1239.0,2212,3423,2373.0,47368,2526,3.2588623248145097,2.914811761472932,1.2737015663643858,0.34047815333882936,0.10359989007969223,0.9406430338004946,0.6078593020060457,0.6462167689161554,13.016762846935972,0.6941467436108821
2006,4,24333,4136,9317,20729,1116.0,3392.0,4583,6704,4272.0,81003,5075,5.883220502901354,5.011847195357833,2.252659574468085,0.8201160541586073,0.269825918762089,1.620889748549323,1.1080754352030948,0.6836217183770883,19.584864603481623,1.2270309477756287
2006,3,37573,4508,13917,31061,2838.0,7827.0,6901,9502,5621.0,109225,8275,8.334738243123336,6.89019520851819,3.08717834960071,1.7362466725820762,0.629547471162378,2.1078083407275954,1.5308340727595386,0.7262681540728267,24.229148181011535,1.835625554569654
2006,2,56054,4641,20683,45834,3431.0,9593.0,11257,15226,8086.0,140262,12634,12.078000430941607,9.875888817065288,4.456582633053221,2.0670114199525966,0.7392803275156217,3.2807584572290454,2.425554837319543,0.7393274661762774,30.222365869424692,2.72225813402284
2006,1,96898,4966,35134,75420,5663.0,15207.0,20967,26561,11461.0,182074,19872,19.512283527990334,15.187273459524768,7.074909383809907,3.062223117196939,1.140354409987918,5.34857027788965,4.222110350382602,0.7893904596965475,36.66411598872332,4.001610954490536
2007,5,12958,3693,4946,11444,682.0,2163.0,2384,3586,2417.0,48137,3162,3.5088004332520986,3.098835634985107,1.3392905496886,0.5857026807473599,0.18467370701326835,0.9710262659084755,0.6455456268616301,0.6648075850529839,13.034660167885189,0.8562144597887896
2007,4,25850,4354,9897,22079,1594.0,4602.0,4462,6312,4346.0,84294,6037,5.93706936150666,5.070969223702343,2.273082223242995,1.0569591180523656,0.3661001378043179,1.4497014239779513,1.0248047772163529,0.7069074778200254,19.360128617363344,1.3865411116214974
2007,3,41042,4720,15370,33585,2979.0,8266.0,7323,9945,6085.0,114295,9090,8.695338983050847,7.115466101694915,3.2563559322033897,1.751271186440678,0.6311440677966101,2.106991525423729,1.5514830508474575,0.7363499245852188,24.215042372881356,1.9258474576271187
2007,2,58321,4810,21744,48131,3776.0,10280.0,11057,14438,8677.0,144671,12956,12.124948024948026,10.006444906444907,4.52058212058212,2.137214137214137,0.7850311850311851,3.0016632016632014,2.298752598752599,0.7658262917301565,30.077130977130977,2.6935550935550934
2007,1,94180,4813,33951,71761,5349.0,14625.0,20929,26745,12228.0,173591,19164,19.567837107832954,14.909827550384376,7.054020361520881,3.0386453355495533,1.1113650529815085,5.556825264907542,4.3484313318096826,0.7825387922976257,36.06710991065863,3.9817161853313943
2008,5,12352,3657,4768,11309,729.0,2237.0,2087,3188,2376.0,46593,3158,3.3776319387476073,3.0924254853705224,1.3038009297238173,0.6117035821711786,0.19934372436423298,0.8717528028438611,0.5706863549357397,0.654642409033877,12.740771123872026,0.8635493573967733
2008,4,27103,4261,10393,23690,1755.0,5082.0,4562,6437,4167.0,86208,6539,6.360713447547524,5.559727763435813,2.439098803097864,1.1926777751701478,0.4118751466791833,1.5106782445435343,1.0706406946726121,0.7087152400186423,20.23187045294532,1.5346162872565126
2008,3,40857,4656,15630,34445,3251.0,8806.0,6346,8557,5498.0,112098,9308,8.775128865979381,7.3979810996563575,3.356958762886598,1.8913230240549828,0.6982388316151202,1.8378436426116838,1.3629725085910653,0.7416150520042071,24.076030927835053,1.9991408934707904
2008,2,58751,4833,22190,47719,3869.0,10641.0,10502,13964,7800.0,141909,12135,12.15621767018415,9.873577488102628,4.591351127663977,2.201738050900062,0.8005379681357335,2.889302710531761,2.1729774467204637,0.752076768834145,29.362507759155804,2.510862818125388
2008,1,96289,4831,34787,74006,5785.0,15546.0,20930,26348,11624.0,175574,19804,19.9314841647692,15.318981577313187,7.200786586628027,3.2179672945559927,1.19747464293107,5.45394328296419,4.332436348582074,0.7943676939426142,36.34320016559718,4.099358310908714
2009,5,12786,3678,4994,11302,690.0,2068.0,2108,3181,2318.0,49324,2928,3.476345840130506,3.0728656878738443,1.3578031538879827,0.5622620989668298,0.18760195758564438,0.8648722131593257,0.5731375747688962,0.6626846903489468,13.410549211528004,0.7960848287112561
2009,4,25555,4297,9733,21545,1706.0,4843.0,4383,6136,4145.0,81511,6113,5.947172445892483,5.013963230160577,2.2650686525482895,1.127065394461252,0.39702117756574357,1.4279730044216896,1.0200139632301606,0.7143089960886571,18.96928089364673,1.422620432860135
2009,3,41510,4503,15673,34049,3438.0,9019.0,6726,8853,5391.0,112282,8596,9.218298911836554,7.56140350877193,3.4805685098823007,2.0028869642460583,0.7634910059960026,1.966022651565623,1.4936708860759493,0.7597424601829889,24.934932267377302,1.9089495891627803
2009,2,60157,4756,22455,48449,3893.0,10529.0,11354,14671,8031.0,143820,12754,12.6486543313709,10.186921783010934,4.721404541631623,2.2138351555929354,0.8185449957947856,3.084735071488646,2.387300252312868,0.7739077090859519,30.23969722455845,2.6816652649285113
2009,1,94677,4916,34159,73501,5952.0,16056.0,20407,25280,11366.0,176054,19124,19.258950366151343,14.951383238405208,6.94853539462978,3.2660699755899105,1.210740439381611,5.142392188771359,4.151139137510171,0.8072389240506329,35.812449145646866,3.890154597233523
2010,5,13207,3620,5218,11886,794.0,2589.0,1977,2949,2095.0,46156,2613,3.648342541436464,3.283425414364641,1.4414364640883979,0.7151933701657458,0.21933701657458562,0.8146408839779006,0.5461325966850828,0.6703967446592065,12.750276243093923,0.7218232044198895
2010,4,27855,4265,10614,23416,2199.0,6207.0,4428,6233,4146.0,84270,6169,6.531066822977726,5.490269636576788,2.4886283704572096,1.4553341148886283,0.5155920281359906,1.461430246189918,1.0382180539273154,0.7104123215145195,19.75849941383353,1.4464243845252052
2010,3,41966,4694,15867,34770,3091.0,8652.0,7141,9626,5901.0,113483,9459,8.94034938219003,7.407328504473797,3.3802726885385597,1.8432040903280784,0.6585002130379207,2.050703025138475,1.5213037920749894,0.7418450031165593,24.17618236046016,2.0151256923732426
2010,2,59401,4765,22341,48439,4469.0,12128.0,10250,13320,7815.0,142999,13079,12.466107030430221,10.165582371458552,4.688562434417628,2.5452256033578173,0.9378803777544596,2.795383001049318,2.1511017838405038,0.7695195195195195,30.010283315844703,2.7448058761804828
2010,1,93578,5005,34511,72950,4600.0,13011.0,19956,25278,11559.0,175489,18665,18.696903096903096,14.575424575424575,6.895304695304695,2.5996003996003996,0.919080919080919,5.05054945054945,3.9872127872127874,0.7894611915499644,35.062737262737265,3.7292707292707292
2011,5,12849,3562,5070,11261,583.0,1859.0,2126,3352,2278.0,49023,2799,3.607243121841662,3.1614261650758,1.4233576642335766,0.5218978102189781,0.16367209432902863,0.9410443571027512,0.5968556990454801,0.6342482100238663,13.762773722627736,0.7857944974733296
2011,4,26126,4309,9949,21956,2052.0,5684.0,4176,5776,3873.0,79428,5385,6.063123694592713,5.095381759108842,2.30888837317243,1.3190995590624275,0.4762125783244372,1.3404502204687863,0.9691343699234161,0.7229916897506925,18.43304711069854,1.2497099094917614
2011,3,42145,4726,15992,35535,3308.0,9230.0,6853,9213,6014.0,118375,10232,8.917689377909436,7.5190435886584845,3.383834109183242,1.9530258146424038,0.6999576809140923,1.9494286923402455,1.4500634786288615,0.7438402257679366,25.047608971646213,2.165044435040203
2011,2,59033,4790,21920,48188,4594.0,12501.0,10599,13550,7384.0,137070,12380,12.324217118997913,10.060125260960334,4.576200417536534,2.609812108559499,0.9590814196242171,2.8288100208768268,2.2127348643006264,0.7822140221402214,28.615866388308977,2.58455114822547
2011,1,93145,5045,34171,72491,4725.0,13122.0,20078,25150,11770.0,175793,19840,18.462834489593657,14.368880079286422,6.773240832507433,2.6009910802775025,0.9365708622398414,4.985133795837463,3.9797819623389494,0.7983300198807157,34.84499504459861,3.9326065411298314
2012,5,11184,2979,4396,10123,699.0,2192.0,1693,2602,2195.0,45775,2741,3.7542799597180263,3.39812017455522,1.4756629741524,0.7358173883853643,0.23464249748237664,0.8734474655924807,0.5683115139308493,0.6506533435818601,15.365894595501846,0.9201074185968445
2012,4,20481,3234,7994,18108,1322.0,3915.0,3171,4542,3218.0,66060,4254,6.333024118738405,5.599257884972171,2.4718614718614718,1.2105751391465678,0.40878169449598023,1.4044526901669758,0.9805194805194806,0.6981505944517834,20.426716141001855,1.3153988868274582
2012,3,30856,3382,11807,26425,2362.0,6601.0,4880,6659,4435.0,82484,6334,9.123595505617978,7.813424009461857,3.491129509166174,1.9518036664695446,0.6984033116499113,1.9689532820816085,1.4429331756357184,0.7328427691845623,24.389118864577174,1.872856298048492
2012,2,41439,3385,15426,34470,3425.0,9284.0,7162,9063,5752.0,99811,10556,12.241949778434268,10.183161004431314,4.5571639586410635,2.7426883308714918,1.0118168389955686,2.677400295420975,2.115805022156573,0.7902460553900474,29.486262924667653,3.1184638109305762
2012,1,62734,3508,23615,50768,3111.0,8955.0,12393,15949,7824.0,117537,11783,17.883124287343215,14.47206385404789,6.73175598631699,2.5527366020524513,0.886830102622577,4.546465222348917,3.532782212086659,0.7770393128095805,33.50541619156214,3.3588939566704674
2013,5,12929,3740,4994,11695,1168.0,3429.0,1773,2787,2426.0,50534,3764,3.456951871657754,3.127005347593583,1.3352941176470587,0.9168449197860963,0.3122994652406417,0.7451871657754011,0.47406417112299465,0.6361679224973089,13.511764705882353,1.0064171122994652
2013,4,26222,4364,10113,23057,2191.0,6237.0,3805,5451,4096.0,82698,5760,6.008707607699359,5.283455545371219,2.3173693858845095,1.4291934005499543,0.5020623281393217,1.249083409715857,0.8719065077910174,0.6980370574206568,18.950045829514206,1.319890009165903
2013,3,41335,4632,15886,35182,3044.0,8539.0,6519,8638,5735.0,110473,8429,8.923791018998273,7.5954231433506045,3.4296200345423142,1.8434801381692574,0.657167530224525,1.8648531951640759,1.407383419689119,0.7546885853206761,23.84995682210708,1.8197322970639034
2013,2,58392,4964,22079,47895,4344.0,11628.0,9890,13031,7851.0,138175,11807,11.763094278807413,9.648468976631749,4.447824335213538,2.3424657534246576,0.8751007252215954,2.6251007252215954,1.992344883158743,0.7589594044969687,27.835414987912973,2.378525382755842
2013,1,89357,5138,33262,71932,5910.0,16222.0,16923,21557,12057.0,175165,21689,17.391397430906967,14.0,6.473725184896847,3.157259634098871,1.1502530167380303,4.195601401323472,3.2936940443752434,0.7850350234262653,34.09205916699105,4.221292331646555
2014,5,13309,3692,5077,11645,1045.0,3031.0,2110,3220,2586.0,49022,3296,3.6048212351029254,3.1541170097508124,1.3751354279523293,0.820964247020585,0.283044420368364,0.8721560130010835,0.5715059588299025,0.65527950310559,13.277898158179848,0.8927410617551462
2014,4,26894,4256,10343,22862,1971.0,5668.0,4237,5963,3916.0,80821,5873,6.319078947368421,5.371710526315789,2.4302161654135337,1.3317669172932332,0.4631109022556391,1.4010808270676691,0.9955357142857143,0.7105483816870702,18.989896616541355,1.3799342105263157
2014,3,42129,4718,15965,35533,3832.0,10613.0,6367,8532,5937.0,113633,9392,8.929419245442984,7.5313692242475625,3.3838490885968633,2.249470114455278,0.8122085629504027,1.808393387028402,1.3495125052988555,0.7462494139709329,24.08499364137346,1.9906740144128867
2014,2,60683,4891,22771,49402,4587.0,12621.0,10554,13760,8155.0,143158,12844,12.407074217951338,10.100592925782049,4.655694132079329,2.5804538949090166,0.9378450214680024,2.8133306072377837,2.157840932324678,0.7670058139534883,29.269679002249028,2.6260478429768965
2014,1,91832,5001,33409,72390,6419.0,17438.0,18595,23757,11613.0,169079,19387,18.3627274545091,14.475104979004199,6.680463907218556,3.486902619476105,1.2835432913417317,4.750449910017997,3.718256348730254,0.7827166729805952,33.80903819236153,3.876624675064987
2015,5,15419,3698,5888,13800,1272.0,3949.0,2371,3572,2484.0,53568,3368,4.1695511087074095,3.7317468902109248,1.5922120064899945,1.0678745267712277,0.3439697133585722,0.9659275283937263,0.641157382368848,0.6637737961926092,14.48566792861006,0.9107625743645213
2015,4,27842,4410,10549,24437,2643.0,7663.0,4101,5651,4354.0,85309,7007,6.313378684807256,5.541269841269841,2.392063492063492,1.737641723356009,0.5993197278911565,1.28140589569161,0.9299319727891157,0.7257122633162272,19.344444444444445,1.5888888888888888
2015,3,40094,4629,15329,33267,3214.0,9125.0,6222,8678,5437.0,109108,8643,8.66148196154677,7.186649384316267,3.31151436595377,1.9712680924605746,0.6943184273061136,1.874702959602506,1.3441348023331172,0.7169854805254667,23.57053359256859,1.8671419313026572
2015,2,57492,4976,21477,48087,5111.0,14173.0,9427,12585,7889.0,135264,12594,11.553858520900322,9.66378617363344,4.316117363344051,2.8482717041800645,1.0271302250803858,2.5291398713826365,1.8944935691318328,0.7490663488279699,27.183279742765272,2.5309485530546625
2015,1,86994,5048,32224,69889,5700.0,15932.0,16846,21275,10728.0,164943,18577,17.233359746434232,13.844889064976229,6.383518225039619,3.1561014263074485,1.1291600633914423,4.214540412044374,3.33716323296355,0.7918213866039953,32.674920760697304,3.680071315372425
2016,5,16214,3793,6205,14127,1476.0,4440.0,2328,3294,2667.0,52407,3921,4.274716583179541,3.7244924861587134,1.6359082520432375,1.170577379383074,0.3891378855786976,0.8684418665963617,0.6137621935143686,0.7067395264116576,13.816767730029001,1.0337463749011337
2016,4,28969,4541,11040,24427,2484.0,7203.0,4405,5971,4253.0,85858,6462,6.379431843206342,5.379211627394847,2.4311825589077296,1.5862144902003963,0.5470160757542392,1.3149086104382295,0.9700506496366439,0.737732373136828,18.907289143360494,1.4230345738824048
2016,3,41523,4829,15771,34741,3403.0,9719.0,6578,9299,5562.0,112929,8667,8.598674673845517,7.194243114516463,3.265893559743218,2.012632014909919,0.7047007662041831,1.9256574860219506,1.3621867881548975,0.7073878911710937,23.385587078069992,1.7947815282667219
2016,2,58183,4805,21688,48184,5378.0,14858.0,9429,12664,7705.0,137216,12943,12.108844953173778,10.027887617065558,4.513631633714881,3.0921956295525495,1.1192507804370448,2.6355879292403745,1.962330905306972,0.7445514845230575,28.556919875130074,2.693652445369407
2016,1,93470,5111,34028,74186,7160.0,19745.0,18254,22684,11481.0,166682,19250,18.288006261005673,14.514967716689494,6.657796908628448,3.8632361573077674,1.4009000195656427,4.4382703971825475,3.5715124241831346,0.8047081643449128,32.612404617491684,3.766386225787517
2017,5,16410,3867,6193,14278,1620.0,4779.0,2404,3364,2598.0,54872,3993,4.243599689681924,3.692267907938971,1.6014998707008017,1.2358417377812259,0.4189294026377037,0.86992500646496,0.621670545642617,0.7146254458977408,14.189811223170416,1.0325833979829324
2017,4,29654,4552,11234,24666,2855.0,8284.0,4331,5942,3980.0,88272,6124,6.514499121265378,5.418717047451669,2.46792618629174,1.8198594024604569,0.6271968365553603,1.305360281195079,0.9514499121265377,0.7288791652642208,19.391915641476274,1.3453427065026362
2017,3,41610,4789,15761,34888,4053.0,11408.0,6035,8217,5798.0,112009,10535,8.688661515974108,7.285028189601169,3.291083733556066,2.3821257047400293,0.8463144706619335,1.7158070578408853,1.2601795782000418,0.734452963368626,23.38880768427647,2.1998329505115892
2017,2,57563,4768,21757,46875,5421.0,14923.0,8628,11531,6832.0,133326,11722,12.072776845637584,9.83116610738255,4.563129194630872,3.129823825503356,1.1369546979865772,2.4184144295302015,1.8095637583892616,0.7482438643656231,27.9626677852349,2.4584731543624163
2017,1,100020,5084,35734,76694,8438.0,22880.0,20114,24605,11506.0,166388,19959,19.673485444531863,15.085365853658537,7.028717545239968,4.500393391030684,1.6597167584579071,4.839693154996066,3.9563335955940206,0.8174761227392806,32.727773406766325,3.9258457907159716
2018,5,15938,3818,6104,13337,1444.0,4299.0,2286,3298,2294.0,53595,3644,4.174436877946569,3.4931901519119957,1.5987427972760608,1.1259821896280775,0.3782084861183866,0.8638030382399162,0.5987427972760607,0.6931473620375985,14.037454164484023,0.9544264012572027
2018,4,30290,4467,11565,25715,3050.0,8837.0,4110,5558,4621.0,89161,8599,6.780837250951421,5.756659950749944,2.5889858965748824,1.9782852025968212,0.682784866800985,1.2442355048130735,0.9200805910006716,0.7394746311622886,19.95992836355496,1.9250055965972688
2018,3,43632,4659,16380,35458,4508.0,12349.0,6364,8496,5583.0,110388,9270,9.3650998068255,7.610646061386563,3.5157759175788796,2.6505687915861773,0.9675896115046148,1.8235672891178365,1.365958360163125,0.7490583804143126,23.693496458467482,1.9896973599484868
2018,2,61237,4849,22968,49984,6602.0,17877.0,8699,11312,7394.0,135239,12852,12.628789441121882,10.308104763868839,4.736646731284801,3.6867395339245204,1.361517838729635,2.3328521344607136,1.7939781398226438,0.7690063649222065,27.890080428954423,2.6504433903897713
2018,1,91709,4787,33409,70838,8306.0,22212.0,16585,20819,11007.0,155744,18297,19.1579277209108,14.797994568623356,6.979110089826614,4.640066847712554,1.7351159390014623,4.349070398997284,3.4645916022561103,0.796628080119122,32.534781700438685,3.822226864424483
2019,5,16346,3590,6125,14008,1788.0,5412.0,2308,3276,2332.0,51156,4160,4.553203342618384,3.9019498607242338,1.7061281337047354,1.5075208913649025,0.498050139275766,0.9125348189415042,0.6428969359331477,0.7045177045177046,14.24958217270195,1.158774373259053
2019,4,30832,4384,11805,25638,3017.0,8836.0,4205,5791,4134.0,84925,8093,7.032846715328467,5.848083941605839,2.6927463503649633,2.0155109489051095,0.688184306569343,1.320939781021898,0.9591697080291971,0.7261267484026939,19.371578467153284,1.8460310218978102
2019,3,42828,4755,15750,35746,5585.0,15576.0,5743,7523,5230.0,111770,10103,9.006940063091482,7.517560462670873,3.312302839116719,3.275709779179811,1.174553101997897,1.582124079915878,1.2077812828601473,0.7633922637245779,23.50578338590957,2.1247108307045215
2019,2,62350,5010,23194,49329,6536.0,17867.0,9426,12329,7314.0,135490,12486,12.445109780439122,9.846107784431137,4.629540918163673,3.5662674650698603,1.3045908183632735,2.460878243512974,1.881437125748503,0.7645388920431503,27.043912175648703,2.4922155688622754
2019,1,104631,5221,38081,80360,9216.0,25432.0,19253,24288,11991.0,168478,21538,20.040413713847922,15.391687416203792,7.293813445700057,4.871097490902126,1.7651790844665773,4.651982378854625,3.6876077379812298,0.7926959815546772,32.269297069526914,4.125263359509672
2020,5,15815,3169,5870,13381,1925.0,5797.0,2150,2973,2324.0,49451,3853,4.990533291259072,4.222467655411802,1.8523193436415273,1.82928368570527,0.6074471442095298,0.9381508362259388,0.6784474597664879,0.7231752438614194,15.604607131587251,1.2158409592931525
2020,4,26020,3611,9817,20929,2747.0,7850.0,3639,4960,3373.0,72403,6236,7.205760177236223,5.795901412351149,2.718637496538355,2.1739130434782608,0.7607310994184436,1.3735807255607866,1.0077540847410689,0.7336693548387097,20.050678482414842,1.7269454444752146
2020,3,37254,3770,13704,29719,4583.0,12549.0,5263,6864,4382.0,92721,7996,9.881697612732095,7.883023872679045,3.6350132625994696,3.3286472148541115,1.2156498673740053,1.8206896551724139,1.396021220159151,0.7667540792540792,24.594429708222812,2.1209549071618037
2020,2,51229,3776,18781,41462,6371.0,17134.0,7296,9389,6204.0,107699,11004,13.567002118644067,10.98040254237288,4.973781779661017,4.53760593220339,1.6872351694915255,2.4864936440677967,1.9322033898305084,0.777079561188625,28.52198093220339,2.9141949152542375
2020,1,81056,3860,28809,61284,7624.0,20897.0,15814,19669,9696.0,126189,17113,20.998963730569947,15.876683937823834,7.463471502590673,5.413730569948187,1.9751295336787564,5.09559585492228,4.096891191709845,0.8040063043367736,32.69145077720207,4.433419689119171
2021,5,15922,3243,5992,13220,1865.0,5558.0,2073,2934,2223.0,52732,4094,4.909651557200124,4.076472402096824,1.847671908726488,1.7138452050570459,0.5750847980265187,0.9047178538390379,0.6392229417206291,0.7065439672801636,16.260252852297256,1.2624113475177305
2021,4,25632,3491,9607,20559,3022.0,8443.0,3396,4678,3268.0,70644,6148,7.342308794041822,5.889143511887712,2.7519335433973073,2.4185047264394157,0.8656545402463478,1.3400171870524205,0.9727871670008593,0.7259512612227448,20.236035519908334,1.7610999713549127
2021,3,37391,3697,13805,30071,4923.0,13133.0,4858,6379,4488.0,91753,8428,10.113876115769543,8.133892345144712,3.7341087368136328,3.5523397349202055,1.331620232621044,1.7254530700568027,1.3140384095212334,0.7615613732559963,24.81823099810657,2.279686232080065
2021,2,49826,3696,18304,39547,6195.0,16447.0,7023,8892,5431.0,103014,10474,13.481060606060606,10.699945887445887,4.9523809523809526,4.449945887445887,1.6761363636363635,2.405844155844156,1.9001623376623376,0.7898110661268556,27.871753246753247,2.8338744588744587
2021,1,81910,3836,29758,61562,7876.0,20786.0,14518,17822,9159.0,127266,17972,21.352971845672574,16.048488008342023,7.757559958289885,5.41866527632951,2.0531803962460895,4.645985401459854,3.7846715328467155,0.8146111547525531,33.17674661105318,4.685088633993743
2022,5,18061,3783,6710,15357,2364.0,7154.0,2277,3123,2352.0,56280,4576,4.774253238170764,4.059476605868358,1.7737245572297118,1.8910917261432725,0.6249008723235527,0.8255352894528152,0.6019032513877874,0.729106628242075,14.877081681205393,1.2096219931271477
2022,4,28721,3937,10832,23099,3018.0,8783.0,4039,5501,3652.0,78384,6778,7.29514859029718,5.867157734315469,2.751333502667005,2.2308864617729234,0.7665735331470663,1.397256794513589,1.0259080518161037,0.7342301399745501,19.909575819151637,1.7216154432308866
2022,3,42401,4564,15885,33743,4847.0,13853.0,5784,7763,4838.0,105516,8427,9.290315512708151,7.393295354951797,3.4804995617879055,3.035276073619632,1.0620070113935145,1.700920245398773,1.2673093777388256,0.7450727811413114,23.11919368974584,1.8464066608238388
2022,2,60035,4624,21831,47103,7558.0,20523.0,8815,11310,6294.0,130283,12570,12.983347750865052,10.186634948096886,4.721237024221454,4.438365051903114,1.634515570934256,2.4459342560553634,1.9063581314878892,0.7793987621573828,28.1753892733564,2.718425605536332
2022,1,98625,4907,35629,76616,10203.0,28219.0,17164,21252,11651.0,162550,22255,20.098838394130834,15.613613205624619,7.260851844304056,5.750764214387609,2.0792745058080295,4.330955777460771,3.4978601997146934,0.8076416337285902,33.126146321581416,4.535357652333401
2023,5,15762,3362,5899,12911,1964.0,5745.0,2000,2766,2117.0,50904,3957,4.688280785246877,3.8402736466389054,1.7546103509815585,1.708804283164783,0.5841760856632957,0.8227245687091017,0.594883997620464,0.7230657989877078,15.14098750743605,1.176977989292088
2023,4,27267,3637,10162,21350,3342.0,9266.0,3601,5006,3225.0,74029,5620,7.497113005224086,5.870222711025571,2.794061039318119,2.5477041517734396,0.9188891943909816,1.3764091284025295,0.9901017321968656,0.719336795844986,20.3544129777289,1.545229584822656
2023,3,39781,4036,14771,31064,4737.0,12953.0,5502,7098,5043.0,97815,9965,9.856541129831516,7.696729435084242,3.6598116947472747,3.2093657086223986,1.1736868186323093,1.7586719524281467,1.363230921704658,0.7751479289940828,24.235629335976213,2.4690287413280476
2023,2,56989,4082,20919,43668,6185.0,16888.0,8966,11556,6227.0,119584,11197,13.961048505634492,10.697697207251347,5.12469377756002,4.13718765311122,1.515188633023028,2.8309652131308183,2.1964723174914256,0.7758740048459675,29.295443410093092,2.7430181283684467
2023,1,91935,4040,32734,68021,8629.0,23622.0,17838,21750,10256.0,138333,19922,22.75618811881188,16.836881188118813,8.102475247524753,5.847029702970297,2.135891089108911,5.383663366336633,4.415346534653465,0.8201379310344827,34.24084158415842,4.931188118811881
