Rk,Player,PTS,Date,Age,Team,at,Opp,Result,GS,MP,FG,FGA,FG%,2P,2PA,2P%,3P,3PA,3P%,FT,FTA,FT%,TS%,ORB,DRB,TRB,AST,STL,BLK,TOV,PF,PTS,GmSc,BPM,Pos.,Player-additional,season,season_year
1,Joel Embiid,52,2023-04-04,29-019,PHI,,BOS,W 103-101,1,39,20,25,0.8,20,24,0.833,0,1,0,12,13,0.923,0.846,2,11,13,6,0,2,3,3,52,48.2,30,C,embiijo01,2022-23,2023
2,Jrue Holiday,51,2023-03-29,32-290,MIL,@,IND,W 149-136,1,32,20,30,0.667,17,24,0.708,3,6,0.5,8,10,0.8,0.741,5,3,8,8,1,1,6,3,51,41.7,13.1,G,holidjr01,2022-23,2023
3,Julius Randle,57,2023-03-20,28-111,NYK,,MIN,L 134-140,1,37,19,29,0.655,11,15,0.733,8,14,0.571,11,13,0.846,0.821,0,4,4,1,0,0,4,4,57,39.8,11,F-C,randlju01,2022-23,2023
4,Stephen Curry,50,2023-03-15,35-001,GSW,@,LAC,L 126-134,1,39,20,28,0.714,12,14,0.857,8,14,0.571,2,4,0.5,0.84,0,2,2,6,2,0,2,1,50,42,22.6,G,curryst01,2022-23,2023
5,Damian Lillard,71,2023-02-26,32-226,POR,,HOU,W 131-114,1,39,22,38,0.579,9,16,0.563,13,22,0.591,14,14,1,0.804,1,5,6,6,0,0,2,0,71,57.6,23.5,G,lillada01,2022-23,2023
6,Giannis Antetokounmpo,54,2023-02-02,28-058,MIL,,LAC,W 106-105,1,36,21,39,0.538,19,31,0.613,2,8,0.25,10,15,0.667,0.592,4,15,19,2,0,0,3,2,54,38,20.5,F-G,antetgi01,2022-23,2023
7,Luka Dončić,53,2023-01-30,23-336,DAL,,DET,W 111-105,1,36,17,24,0.708,12,13,0.923,5,11,0.455,14,18,0.778,0.83,0,8,8,5,2,0,4,2,53,44.5,28.3,G-F,doncilu01,2022-23,2023
8,Giannis Antetokounmpo,50,2023-01-29,28-054,MIL,,NOP,W 135-110,1,30,20,26,0.769,17,22,0.773,3,4,0.75,7,12,0.583,0.799,3,10,13,4,0,0,3,5,50,40.7,21,F-G,antetgi01,2022-23,2023
9,Damian Lillard,60,2023-01-25,32-194,POR,,UTA,W 134-124,1,40,21,29,0.724,12,14,0.857,9,15,0.6,9,10,0.9,0.898,0,7,7,8,3,0,4,1,60,54,25.5,G,lillada01,2022-23,2023
10,Jayson Tatum,51,2023-01-16,24-319,BOS,@,CHO,W 130-118,1,40,15,23,0.652,8,11,0.727,7,12,0.583,14,14,1,0.874,1,8,9,5,0,0,4,3,51,42.3,17.9,F,tatumja01,2022-23,2023
11,Damian Lillard,50,2023-01-12,32-181,POR,,CLE,L 113-119,1,40,16,28,0.571,11,15,0.733,5,13,0.385,13,15,0.867,0.723,0,2,2,3,1,0,1,1,50,38.3,15.9,G,lillada01,2022-23,2023
12,Giannis Antetokounmpo,55,2023-01-03,28-028,MIL,,WAS,W 123-113,1,37,20,33,0.606,20,30,0.667,0,3,0,15,16,0.938,0.687,2,8,10,7,2,0,5,3,55,44,20,F-G,antetgi01,2022-23,2023
13,Donovan Mitchell,71,2023-01-02,26-117,CLE,,CHI,W 145-134 (OT),1,50,22,34,0.647,15,19,0.789,7,15,0.467,20,25,0.8,0.789,3,5,8,11,0,1,4,3,71,60.8,23,G,mitchdo01,2022-23,2023
14,Klay Thompson,54,2023-01-02,32-328,GSW,,ATL,W 143-141 (2OT),1,46,21,39,0.538,11,18,0.611,10,21,0.476,2,2,1,0.677,2,6,8,3,0,1,3,4,54,36.5,11.4,G-F,thompkl01,2022-23,2023
15,Luka Dončić,51,2022-12-31,23-306,DAL,@,SAS,W 126-125,1,37,18,29,0.621,12,19,0.632,6,10,0.6,9,15,0.6,0.716,1,5,6,9,4,1,0,3,51,47.5,27.7,G-F,doncilu01,2022-23,2023
16,Luka Dončić,60,2022-12-27,23-302,DAL,,NYK,W 126-121 (OT),1,47,21,31,0.677,19,25,0.76,2,6,0.333,16,22,0.727,0.737,5,16,21,10,2,1,4,5,60,56.3,25.3,G-F,doncilu01,2022-23,2023
17,Luka Dončić,50,2022-12-23,23-298,DAL,@,HOU,W 112-106,1,42,17,30,0.567,11,18,0.611,6,12,0.5,10,12,0.833,0.709,0,8,8,10,3,0,7,3,50,39.2,16.5,G-F,doncilu01,2022-23,2023
18,Pascal Siakam,52,2022-12-21,28-263,TOR,@,NYK,W 113-106,1,41,17,25,0.68,15,19,0.789,2,6,0.333,16,18,0.889,0.79,3,6,9,7,1,0,1,2,52,48.5,28.4,F,siakapa01,2022-23,2023
19,Devin Booker,58,2022-12-17,26-048,PHO,,NOP,W 118-114,1,42,21,35,0.6,15,23,0.652,6,12,0.5,10,15,0.667,0.697,1,5,6,5,0,0,2,3,58,42.4,16.4,G,bookede01,2022-23,2023
20,Joel Embiid,53,2022-12-11,28-270,PHI,,CHO,W 131-113,1,34,20,32,0.625,18,29,0.621,2,3,0.667,11,11,1,0.719,3,9,12,3,0,1,2,2,53,43.4,14.7,C,embiijo01,2022-23,2023
21,Anthony Davis,55,2022-12-04,29-268,LAL,@,WAS,W 130-119,1,38,22,30,0.733,20,27,0.741,2,3,0.667,9,9,1,0.81,3,14,17,1,0,3,2,1,55,49.5,19.9,F-C,davisan02,2022-23,2023
22,Devin Booker,51,2022-11-30,26-031,PHO,,CHI,W 132-113,1,31,20,25,0.8,14,18,0.778,6,7,0.857,5,6,0.833,0.923,0,4,4,6,1,0,2,3,51,44.3,32.9,G,bookede01,2022-23,2023
23,Stephen Curry,50,2022-11-16,34-247,GSW,@,PHO,L 119-130,1,36,17,28,0.607,10,17,0.588,7,11,0.636,9,9,1,0.782,0,9,9,6,0,1,3,2,50,41,20.7,G,curryst01,2022-23,2023
24,Joel Embiid,59,2022-11-13,28-242,PHI,,UTA,W 105-98,1,37,19,28,0.679,18,23,0.783,1,5,0.2,20,24,0.833,0.765,1,10,11,8,1,7,5,3,59,54.4,35.2,C,embiijo01,2022-23,2023
25,Darius Garland,51,2022-11-13,22-291,CLE,,MIN,L 124-129,1,40,16,31,0.516,6,16,0.375,10,15,0.667,9,13,0.692,0.694,1,1,2,6,2,0,2,3,51,38.1,18.3,G,garlada01,2022-23,2023
1,Kevin Durant,55,2022-04-02,33-185,BRK,@,ATL,L 115-122,1,42,19,28,0.679,11,18,0.611,8,10,0.8,9,11,0.818,0.837,0,7,7,3,1,0,4,1,55,43,22.9,F-G,duranke01,2021-22,2022
2,DeMar DeRozan,50,2022-03-31,32-236,CHI,,LAC,W 135-130 (OT),1,43,17,26,0.654,15,24,0.625,2,2,1,14,15,0.933,0.767,0,5,5,6,1,0,2,4,50,41.3,15.5,G-F,derozde01,2021-22,2022
3,Saddiq Bey,51,2022-03-17,22-342,DET,@,ORL,W 134-120,1,39,17,27,0.63,7,13,0.538,10,14,0.714,7,10,0.7,0.812,0,9,9,4,3,0,1,1,51,44.8,19.8,F,beysa01,2021-22,2022
4,Kyrie Irving,60,2022-03-15,29-357,BRK,@,ORL,W 150-108,1,35,20,31,0.645,12,19,0.632,8,12,0.667,12,13,0.923,0.817,2,4,6,4,4,1,1,3,60,53.8,26.7,G,irvinky01,2021-22,2022
5,Karl-Anthony Towns,60,2022-03-14,26-119,MIN,@,SAS,W 149-139,1,36,19,31,0.613,12,20,0.6,7,11,0.636,15,16,0.938,0.789,2,15,17,3,1,0,6,5,60,46.5,11.7,C-F,townska01,2021-22,2022
6,Kevin Durant,53,2022-03-13,33-165,BRK,,NYK,W 110-107,1,43,19,37,0.514,15,24,0.625,4,13,0.308,11,12,0.917,0.627,1,5,6,9,2,0,5,3,53,38.6,15,F-G,duranke01,2021-22,2022
7,LeBron James,50,2022-03-11,37-071,LAL,,WAS,W 122-109,1,36,18,25,0.72,12,16,0.75,6,9,0.667,8,8,1,0.877,0,7,7,6,0,1,3,3,50,42.5,26.6,F-G,jamesle01,2021-22,2022
8,Kyrie Irving,50,2022-03-08,29-350,BRK,@,CHO,W 132-121,1,38,15,19,0.789,6,7,0.857,9,12,0.75,11,13,0.846,1.011,0,3,3,6,1,1,3,4,50,44.1,23.3,G,irvinky01,2021-22,2022
9,Jayson Tatum,54,2022-03-06,24-003,BOS,,BRK,W 126-120,1,41,16,30,0.533,8,15,0.533,8,15,0.533,14,17,0.824,0.72,2,3,5,3,0,0,2,4,54,39,12.7,F,tatumja01,2021-22,2022
10,LeBron James,56,2022-03-05,37-065,LAL,,GSW,W 124-116,1,39,19,31,0.613,13,20,0.65,6,11,0.545,12,13,0.923,0.763,2,8,10,3,0,1,4,0,56,44.1,16.5,F-G,jamesle01,2021-22,2022
11,Ja Morant,52,2022-02-28,22-202,MEM,,SAS,W 118-105,1,34,22,30,0.733,18,26,0.692,4,4,1,4,7,0.571,0.786,1,6,7,2,0,0,4,1,52,38.1,18.6,G,moranja01,2021-22,2022
12,Giannis Antetokounmpo,50,2022-02-15,27-071,MIL,,IND,W 128-119,1,36,17,21,0.81,15,18,0.833,2,3,0.667,14,18,0.778,0.864,4,10,14,4,0,0,3,3,50,44.9,20.1,F-G,antetgi01,2021-22,2022
13,Luka Dončić,51,2022-02-10,22-347,DAL,,LAC,W 112-105,1,40,17,26,0.654,10,12,0.833,7,14,0.5,10,14,0.714,0.793,0,9,9,6,1,1,7,4,51,38,19.6,G-F,doncilu01,2021-22,2022
14,Jayson Tatum,51,2022-01-23,23-326,BOS,@,WAS,W 116-87,1,33,18,28,0.643,9,14,0.643,9,14,0.643,6,6,1,0.832,2,8,10,7,0,0,1,1,51,45.9,38.9,F,tatumja01,2021-22,2022
15,Joel Embiid,50,2022-01-19,27-309,PHI,,ORL,W 123-110,1,27,17,23,0.739,16,19,0.842,1,4,0.25,15,17,0.882,0.82,1,11,12,2,1,3,2,3,50,45.2,29.4,C,embiijo01,2021-22,2022
16,Trae Young,56,2022-01-03,23-106,ATL,@,POR,L 131-136,1,37,17,26,0.654,10,14,0.714,7,12,0.583,15,15,1,0.859,1,3,4,14,0,0,4,1,56,51.6,24.1,G,youngtr01,2021-22,2022
17,Jaylen Brown,50,2022-01-02,25-070,BOS,,ORL,W 116-111 (OT),1,46,19,29,0.655,14,19,0.737,5,10,0.5,7,8,0.875,0.769,0,11,11,4,1,2,7,4,50,36.8,12.2,F-G,brownja02,2021-22,2022
18,Kevin Durant,51,2021-12-12,33-074,BRK,@,DET,W 116-104,1,41,16,31,0.516,11,21,0.524,5,10,0.5,14,15,0.933,0.678,0,7,7,9,1,2,5,5,51,39.1,14.7,F-G,duranke01,2021-22,2022
19,Stephen Curry,50,2021-11-08,33-239,GSW,,ATL,W 127-113,1,35,14,28,0.5,5,9,0.556,9,19,0.474,13,13,1,0.741,2,5,7,10,4,1,2,0,50,48.6,32,G,curryst01,2021-22,2022
20,Bradley Beal,50,2021-05-08,27-314,WAS,@,IND,W 133-132 (OT),1,39,19,31,0.613,16,24,0.667,3,7,0.429,9,11,0.818,0.698,4,1,5,1,1,2,1,1,50,39.9,17.9,G,bealbr01,2020-21,2021
21,Jayson Tatum,60,2021-04-30,23-058,BOS,,SAS,W 143-140 (OT),1,45,20,37,0.541,15,30,0.5,5,7,0.714,15,17,0.882,0.674,2,6,8,5,0,1,0,2,60,47.9,15.6,F,tatumja01,2020-21,2021
22,Kevin Porter Jr.,50,2021-04-29,20-360,HOU,,MIL,W 143-136,1,41,16,26,0.615,7,11,0.636,9,15,0.6,9,11,0.818,0.811,0,5,5,11,0,1,5,5,50,40.3,13.6,G,porteke02,2020-21,2021
23,Stephen Curry,53,2021-04-12,33-029,GSW,,DEN,W 116-107,1,36,14,24,0.583,4,6,0.667,10,18,0.556,15,16,0.938,0.854,0,6,6,4,0,0,5,3,53,39.8,20.9,G,curryst01,2020-21,2021
24,Zach LaVine,50,2021-04-09,26-030,CHI,@,ATL,L 108-120,1,39,18,31,0.581,11,19,0.579,7,12,0.583,7,8,0.875,0.724,1,7,8,5,0,0,3,1,50,38,18.5,G-F,lavinza01,2020-21,2021
25,Jayson Tatum,53,2021-04-09,23-037,BOS,,MIN,W 145-136 (OT),1,41,16,25,0.64,10,15,0.667,6,10,0.6,15,16,0.938,0.827,1,9,10,4,0,1,5,3,53,42.2,10.6,F,tatumja01,2020-21,2021
26,Damian Lillard,50,2021-03-16,30-244,POR,,NOP,W 125-124,1,41,13,20,0.65,7,7,1,6,13,0.462,18,18,1,0.895,1,5,6,10,0,0,4,3,50,45.2,15.1,G,lillada01,2020-21,2021
27,Joel Embiid,50,2021-02-19,26-340,PHI,,CHI,W 112-105,1,35,17,26,0.654,16,24,0.667,1,2,0.5,15,17,0.882,0.747,6,11,17,5,2,4,2,2,50,50.8,33.5,C,embiijo01,2020-21,2021
28,Jamal Murray,50,2021-02-19,23-362,DEN,@,CLE,W 120-103,1,38,21,25,0.84,13,15,0.867,8,10,0.8,0,0,,1,0,6,6,2,2,0,1,4,50,43.5,24.7,G,murraja01,2020-21,2021
29,Stephen Curry,57,2021-02-06,32-329,GSW,@,DAL,L 132-134,1,37,19,31,0.613,8,12,0.667,11,19,0.579,8,8,1,0.826,0,2,2,5,1,0,3,3,57,43.8,18.3,G,curryst01,2020-21,2021
30,Nikola Jokić,50,2021-02-06,25-353,DEN,@,SAC,L 114-119,1,41,20,33,0.606,17,27,0.63,3,6,0.5,7,7,1,0.693,1,7,8,12,1,3,1,2,50,47.4,27.2,C-F,jokicni01,2020-21,2021
31,Fred VanVleet,54,2021-02-02,26-343,TOR,@,ORL,W 123-108,1,37,17,23,0.739,6,9,0.667,11,14,0.786,9,9,1,1.001,0,3,3,2,3,3,1,2,54,50.3,31.9,G,vanvlfr01,2020-21,2021
32,Bradley Beal,60,2021-01-06,27-192,WAS,@,PHI,L 136-141,1,38,20,35,0.571,13,25,0.52,7,10,0.7,13,15,0.867,0.721,4,3,7,5,1,0,4,3,60,45.7,16.9,G,bealbr01,2020-21,2021
33,Stephen Curry,62,2021-01-03,32-295,GSW,,POR,W 137-122,1,36,18,31,0.581,10,15,0.667,8,16,0.5,18,19,0.947,0.788,1,4,5,4,0,0,5,0,62,46.8,18.6,G,curryst01,2020-21,2021
34,Damian Lillard,61,2020-08-11,30-027,POR,@,DAL,W 134-131,1,41,17,32,0.531,8,15,0.533,9,17,0.529,18,18,1,0.764,2,3,5,8,1,0,3,2,61,50.5,23.6,G,lillada01,2019-20,2020
35,Damian Lillard,51,2020-08-09,30-025,POR,,PHI,W 124-121,1,40,16,28,0.571,12,16,0.75,4,12,0.333,15,16,0.938,0.728,0,3,3,7,2,0,6,1,51,38.8,12.3,G,lillada01,2019-20,2020
36,T.J. Warren,53,2020-08-01,26-331,IND,,PHI,W 127-121,1,41,20,29,0.69,11,17,0.647,9,12,0.75,4,4,1,0.862,0,4,4,3,0,2,1,4,53,42.8,20.7,F,warretj01,2019-20,2020
37,Caris LeVert,51,2020-03-03,25-191,BRK,@,BOS,W 129-120 (OT),1,36,17,26,0.654,12,16,0.75,5,10,0.5,12,18,0.667,0.752,3,1,4,5,1,0,3,1,51,40.7,24.5,G-F,leverca01,2019-20,2020
38,Bradley Beal,55,2020-02-24,26-241,WAS,,MIL,L 134-137 (OT),1,41,19,33,0.576,11,20,0.55,8,13,0.615,9,10,0.9,0.735,1,1,2,3,0,0,9,4,55,31.6,7.2,G,bealbr01,2019-20,2020
39,Bradley Beal,53,2020-02-23,26-240,WAS,@,CHI,L 117-126,1,39,15,27,0.556,10,16,0.625,5,11,0.455,18,20,0.9,0.74,2,3,5,4,2,1,7,5,53,38.1,7.8,G,bealbr01,2019-20,2020
40,Trae Young,50,2020-02-20,21-154,ATL,,MIA,W 129-124,1,40,12,25,0.48,4,10,0.4,8,15,0.533,18,19,0.947,0.749,0,2,2,8,2,1,7,4,50,37.2,12.4,G,youngtr01,2019-20,2020
41,Damian Lillard,51,2020-02-01,29-201,POR,,UTA,W 124-107,1,36,17,29,0.586,8,14,0.571,9,15,0.6,8,8,1,0.784,0,2,2,12,1,0,2,2,51,44.7,30.9,G,lillada01,2019-20,2020
42,Kyrie Irving,54,2020-01-31,27-314,BRK,,CHI,W 133-118,1,32,19,23,0.826,12,14,0.857,7,9,0.778,9,10,0.9,0.985,0,5,5,5,1,0,4,3,54,45.9,25,G,irvinky01,2019-20,2020
43,Khris Middleton,51,2020-01-28,28-169,MIL,,WAS,W 151-131,1,36,16,26,0.615,9,16,0.563,7,10,0.7,12,12,1,0.815,1,9,10,6,0,0,2,2,51,44,17.4,F-G,middlkh01,2019-20,2020
44,Eric Gordon,50,2020-01-27,31-033,HOU,@,UTA,W 126-117,1,38,14,22,0.636,8,11,0.727,6,11,0.545,16,20,0.8,0.812,0,6,6,3,2,1,2,0,50,43.2,19.4,G-F,gordoer01,2019-20,2020
45,Damian Lillard,50,2020-01-26,29-195,POR,,IND,W 139-129,1,38,14,23,0.609,6,11,0.545,8,12,0.667,14,16,0.875,0.832,0,6,6,13,1,0,1,0,50,49.6,25.9,G,lillada01,2019-20,2020
46,Damian Lillard,61,2020-01-20,29-189,POR,,GSW,W 129-124 (OT),1,45,17,37,0.459,6,17,0.353,11,20,0.55,16,16,1,0.693,0,10,10,7,1,0,2,1,61,48.4,20.3,G,lillada01,2019-20,2020
47,James Harden,54,2019-12-13,30-109,HOU,@,ORL,W 130-107,1,36,19,31,0.613,9,16,0.563,10,15,0.667,6,6,1,0.803,2,3,5,7,2,3,3,5,54,46.2,28.8,G,hardeja01,2019-20,2020
48,James Harden,55,2019-12-11,30-107,HOU,@,CLE,W 116-110,1,41,20,34,0.588,10,16,0.625,10,18,0.556,5,5,1,0.76,0,3,3,8,2,2,6,3,55,41.9,21.1,G,hardeja01,2019-20,2020
49,Anthony Davis,50,2019-12-08,26-272,LAL,,MIN,W 142-125,1,39,20,29,0.69,20,27,0.741,0,2,0,10,10,1,0.749,3,4,7,6,4,1,1,1,50,48.5,18.2,F-C,davisan02,2019-20,2020
50,James Harden,50,2019-12-03,30-099,HOU,@,SAS,L 133-135 (2OT),1,49,11,37,0.297,7,17,0.412,4,20,0.2,24,24,1,0.526,3,6,9,6,4,0,5,4,50,34,8.5,G,hardeja01,2019-20,2020
51,James Harden,60,2019-11-30,30-096,HOU,,ATL,W 158-111,1,31,16,24,0.667,8,10,0.8,8,14,0.571,20,23,0.87,0.879,0,3,3,8,3,1,5,3,60,52.4,29.1,G,hardeja01,2019-20,2020
52,Giannis Antetokounmpo,50,2019-11-25,24-354,MIL,,UTA,W 122-118,1,39,17,31,0.548,14,23,0.609,3,8,0.375,13,19,0.684,0.635,6,8,14,6,2,0,0,1,50,45.1,23.4,F-G,antetgi01,2019-20,2020
53,Damian Lillard,60,2019-11-08,29-116,POR,,BRK,L 115-119,1,40,19,33,0.576,12,17,0.706,7,16,0.438,15,15,1,0.758,0,4,4,5,0,0,2,1,60,46.8,26.2,G,lillada01,2019-20,2020
54,D'Angelo Russell,52,2019-11-08,23-258,GSW,@,MIN,L 119-125 (OT),1,40,19,37,0.514,12,20,0.6,7,17,0.412,7,8,0.875,0.642,0,9,9,5,3,2,3,0,52,40.9,22.3,G,russeda01,2019-20,2020
55,James Harden,59,2019-10-30,30-065,HOU,@,WAS,W 159-158,1,38,18,32,0.563,12,18,0.667,6,14,0.429,17,18,0.944,0.739,1,2,3,9,1,0,4,3,59,46.8,10.6,G,hardeja01,2019-20,2020
56,Kyrie Irving,50,2019-10-23,27-214,BRK,,MIN,L 126-127 (OT),1,38,17,33,0.515,10,19,0.526,7,14,0.5,9,10,0.9,0.668,2,6,8,7,0,1,0,4,50,40.5,21.8,G,irvinky01,2019-20,2020
57,Jamal Crawford,51,2019-04-09,39-020,PHO,@,DAL,L 109-120,0,38,18,30,0.6,11,17,0.647,7,13,0.538,8,9,0.889,0.751,0,5,5,5,1,1,4,4,51,37.9,14.5,G,crawfja01,2018-19,2019
58,James Harden,50,2019-03-30,29-216,HOU,,SAC,W 119-108,1,38,13,31,0.419,6,8,0.75,7,23,0.304,17,18,0.944,0.642,1,10,11,10,0,0,3,1,50,40.4,18.1,G,hardeja01,2018-19,2019
59,Devin Booker,50,2019-03-27,22-148,PHO,,WAS,L 121-124,1,37,19,29,0.655,16,20,0.8,3,9,0.333,9,10,0.9,0.749,2,8,10,4,1,1,5,3,50,39,12.8,G,bookede01,2018-19,2019
60,Devin Booker,59,2019-03-25,22-146,PHO,@,UTA,L 92-125,1,41,19,34,0.559,14,26,0.538,5,8,0.625,16,17,0.941,0.711,1,3,4,4,1,0,6,5,59,39.8,17.8,G,bookede01,2018-19,2019
61,James Harden,61,2019-03-22,29-208,HOU,,SAS,W 111-105,1,37,19,34,0.559,10,21,0.476,9,13,0.692,14,17,0.824,0.735,2,5,7,1,3,0,3,3,61,46,31.6,G,hardeja01,2018-19,2019
62,James Harden,57,2019-03-20,29-206,HOU,@,MEM,L 125-126 (OT),1,46,18,39,0.462,9,22,0.409,9,17,0.529,12,12,1,0.644,1,6,7,8,2,2,3,3,57,44.2,19.8,G,hardeja01,2018-19,2019
63,Giannis Antetokounmpo,52,2019-03-17,24-101,MIL,,PHI,L 125-130,1,36,15,26,0.577,12,18,0.667,3,8,0.375,19,21,0.905,0.738,1,15,16,7,2,1,1,1,52,50.4,27.9,F-G,antetgi01,2018-19,2019
64,Damian Lillard,51,2019-03-07,28-235,POR,,OKC,L 121-129 (OT),1,47,15,28,0.536,12,18,0.667,3,10,0.3,18,20,0.9,0.693,1,4,5,9,1,2,3,3,51,43,19.2,G,lillada01,2018-19,2019
65,James Harden,58,2019-02-28,29-186,HOU,,MIA,W 121-118,1,44,16,32,0.5,8,14,0.571,8,18,0.444,18,18,1,0.726,2,5,7,10,4,1,4,1,58,52.2,23.5,G,hardeja01,2018-19,2019
66,James Harden,61,2019-01-23,29-150,HOU,@,NYK,W 114-110,1,40,17,38,0.447,12,18,0.667,5,20,0.25,22,25,0.88,0.622,6,9,15,4,5,0,5,3,61,48.5,23.5,G,hardeja01,2018-19,2019
67,James Harden,58,2019-01-16,29-143,HOU,,BRK,L 142-145 (OT),1,45,16,34,0.471,11,15,0.733,5,19,0.263,21,23,0.913,0.657,1,9,10,6,1,1,4,5,58,43.1,9.9,G,hardeja01,2018-19,2019
68,James Harden,57,2019-01-14,29-141,HOU,,MEM,W 112-94,1,34,17,33,0.515,11,18,0.611,6,15,0.4,17,18,0.944,0.696,2,7,9,2,2,1,5,4,57,41.3,21.6,G,hardeja01,2018-19,2019
69,LaMarcus Aldridge,56,2019-01-10,33-175,SAS,,OKC,W 154-147 (2OT),1,49,20,33,0.606,20,33,0.606,0,0,,16,16,1,0.699,4,5,9,4,0,4,5,2,56,45,4,F-C,aldrila01,2018-19,2019
70,James Harden,50,2018-12-13,29-109,HOU,,LAL,W 126-111,1,35,14,26,0.538,10,14,0.714,4,12,0.333,18,19,0.947,0.728,2,8,10,11,2,0,6,4,50,42.9,23,G,hardeja01,2018-19,2019
71,Kevin Durant,51,2018-11-29,30-061,GSW,@,TOR,L 128-131 (OT),1,43,18,31,0.581,14,24,0.583,4,7,0.571,11,12,0.917,0.703,3,8,11,6,0,0,1,4,51,42.2,18.3,F-G,duranke01,2018-19,2019
72,James Harden,54,2018-11-26,29-092,HOU,@,WAS,L 131-135 (OT),1,47,17,32,0.531,10,17,0.588,7,15,0.467,13,15,0.867,0.699,1,7,8,13,3,0,11,4,54,39.9,13.5,G,hardeja01,2018-19,2019
73,LeBron James,51,2018-11-18,33-323,LAL,@,MIA,W 113-97,1,38,19,31,0.613,13,23,0.565,6,8,0.75,7,10,0.7,0.72,1,7,8,3,2,1,2,3,51,40.1,26.1,F-G,jamesle01,2018-19,2019
74,Kemba Walker,60,2018-11-17,28-193,CHO,,PHI,L 119-122 (OT),1,45,21,34,0.618,15,20,0.75,6,14,0.429,12,12,1,0.764,0,7,7,4,4,0,9,2,60,43.7,18.5,G,walkeke02,2018-19,2019
75,Derrick Rose,50,2018-10-31,30-027,MIN,,UTA,W 128-125,1,41,19,31,0.613,15,24,0.625,4,7,0.571,8,11,0.727,0.698,0,4,4,6,1,1,6,4,50,34.2,4.7,G,rosede01,2018-19,2019
76,Klay Thompson,52,2018-10-29,28-263,GSW,@,CHI,W 149-124,1,27,18,29,0.621,4,5,0.8,14,24,0.583,2,2,1,0.87,0,4,4,0,2,0,2,2,52,39.3,24.5,G-F,thompkl01,2018-19,2019
77,Stephen Curry,51,2018-10-24,30-224,GSW,,WAS,W 144-122,1,32,15,24,0.625,4,8,0.5,11,16,0.688,10,10,1,0.898,0,4,4,3,0,1,2,1,51,41.8,23,G,curryst01,2018-19,2019
78,Blake Griffin,50,2018-10-23,29-221,DET,,PHI,W 133-132 (OT),1,44,20,35,0.571,15,25,0.6,5,10,0.5,5,11,0.455,0.628,3,11,14,6,0,1,1,4,50,38.8,16.1,F-C,griffbl01,2018-19,2019
79,Karl-Anthony Towns,56,2018-03-28,22-133,MIN,,ATL,W 126-114,1,41,19,32,0.594,13,24,0.542,6,8,0.75,12,15,0.8,0.725,4,11,15,4,0,1,2,4,56,46,14.9,C-F,townska01,2017-18,2018
80,Anthony Davis,53,2018-02-26,24-352,NOP,,PHO,W 125-116,1,39,16,29,0.552,16,28,0.571,0,1,0,21,26,0.808,0.655,8,10,18,3,1,5,1,3,53,50.1,18.3,F-C,davisan02,2017-18,2018
81,Kevin Durant,50,2018-02-14,29-138,GSW,@,POR,L 117-123,1,37,17,27,0.63,11,13,0.846,6,14,0.429,10,10,1,0.796,0,7,7,6,0,2,4,1,50,41.2,22.7,F-G,duranke01,2017-18,2018
82,Damian Lillard,50,2018-02-09,27-209,POR,@,SAC,W 118-100,1,29,16,26,0.615,8,13,0.615,8,13,0.615,10,10,1,0.822,0,1,1,6,3,0,2,2,50,42.9,36.4,G,lillada01,2017-18,2018
83,CJ McCollum,50,2018-01-31,26-134,POR,,CHI,W 124-108,1,29,18,25,0.72,12,16,0.75,6,9,0.667,8,8,1,0.877,1,4,5,2,1,0,3,1,50,40.6,23.7,G,mccolcj01,2017-18,2018
84,James Harden,60,2018-01-30,28-157,HOU,,ORL,W 114-107,1,46,19,30,0.633,14,16,0.875,5,14,0.357,17,18,0.944,0.791,2,8,10,11,4,1,5,2,60,56.6,27.6,G,hardeja01,2017-18,2018
85,Lou Williams,50,2018-01-10,31-075,LAC,@,GSW,W 125-106,1,35,16,27,0.593,8,11,0.727,8,16,0.5,10,10,1,0.796,0,2,2,7,0,0,4,0,50,39,22.2,G,willilo02,2017-18,2018
86,DeMar DeRozan,52,2018-01-01,28-147,TOR,,MIL,W 131-127 (OT),1,43,17,29,0.586,12,20,0.6,5,9,0.556,13,13,1,0.749,1,4,5,8,1,1,2,4,52,44.1,17.1,G-F,derozde01,2017-18,2018
87,James Harden,51,2017-12-22,28-118,HOU,,LAC,L 118-128,1,41,15,28,0.536,9,14,0.643,6,14,0.429,15,16,0.938,0.728,0,4,4,8,3,0,8,6,51,36.4,11.3,G,hardeja01,2017-18,2018
88,James Harden,51,2017-12-20,28-116,HOU,,LAL,L 116-122,1,43,15,27,0.556,11,21,0.524,4,6,0.667,17,21,0.81,0.704,0,3,3,9,1,1,6,5,51,37.4,13.8,G,hardeja01,2017-18,2018
89,Bradley Beal,51,2017-12-05,24-160,WAS,@,POR,W 106-92,1,43,21,37,0.568,16,25,0.64,5,12,0.417,4,5,0.8,0.651,1,2,3,2,0,0,2,2,51,33,9.3,G,bealbr01,2017-18,2018
90,James Harden,56,2017-11-05,28-071,HOU,,UTA,W 137-110,1,35,19,25,0.76,12,17,0.706,7,8,0.875,11,12,0.917,0.925,0,2,2,13,2,0,7,3,56,49.2,24,G,hardeja01,2017-18,2018
91,LeBron James,57,2017-11-03,32-308,CLE,@,WAS,W 130-122,1,43,23,34,0.676,21,30,0.7,2,4,0.5,9,9,1,0.751,5,6,11,7,3,2,3,2,57,53.2,20.1,F-G,jamesle01,2017-18,2018
92,Russell Westbrook,50,2017-04-09,28-148,OKC,@,DEN,W 106-105,1,37,17,32,0.531,12,20,0.6,5,12,0.417,11,11,1,0.679,2,14,16,10,1,0,2,1,50,45.6,32.1,G,westbru01,2016-17,2017
93,Damian Lillard,59,2017-04-08,26-267,POR,,UTA,W 101-86,1,42,18,34,0.529,9,20,0.45,9,14,0.643,14,16,0.875,0.719,0,6,6,5,1,1,0,0,59,48.6,35.7,G,lillada01,2016-17,2017
94,Russell Westbrook,57,2017-03-29,28-137,OKC,@,ORL,W 114-106 (OT),1,42,21,40,0.525,15,25,0.6,6,15,0.4,9,11,0.818,0.636,3,10,13,11,3,0,7,3,57,44.2,24.8,G,westbru01,2016-17,2017
95,Devin Booker,70,2017-03-24,20-145,PHO,@,BOS,L 120-130,1,45,21,40,0.525,17,29,0.586,4,11,0.364,24,26,0.923,0.68,2,6,8,6,3,1,5,3,70,54.5,18.5,G,bookede01,2016-17,2017
96,Russell Westbrook,58,2017-03-07,28-115,OKC,,POR,L 121-126,1,36,21,39,0.538,18,30,0.6,3,9,0.333,13,16,0.813,0.63,1,2,3,9,3,1,4,4,58,43.6,22.2,G,westbru01,2016-17,2017
97,James Harden,51,2017-01-27,27-154,HOU,@,PHI,W 123-118,1,39,16,28,0.571,10,17,0.588,6,11,0.545,13,14,0.929,0.746,1,12,13,13,2,1,5,4,51,46.9,21.2,G,hardeja01,2016-17,2017
98,Jimmy Butler,52,2017-01-02,27-110,CHI,,CHO,W 118-111,1,38,15,24,0.625,14,20,0.7,1,4,0.25,21,22,0.955,0.772,3,9,12,6,3,1,2,0,52,51.5,28,F-G,butleji01,2016-17,2017
99,James Harden,53,2016-12-31,27-127,HOU,,NYK,W 129-122,1,42,14,26,0.538,5,10,0.5,9,16,0.563,16,18,0.889,0.781,3,13,16,17,0,0,8,2,53,48.7,20.7,G,hardeja01,2016-17,2017
100,Isaiah Thomas,52,2016-12-30,27-327,BOS,,MIA,W 117-114,1,37,15,26,0.577,6,13,0.462,9,13,0.692,13,13,1,0.82,1,1,2,0,1,0,2,2,52,39,15,G,thomais02,2016-17,2017
101,DeMarcus Cousins,55,2016-12-20,26-129,SAC,,POR,W 126-121,1,41,17,28,0.607,12,20,0.6,5,8,0.625,16,17,0.941,0.775,1,13,14,1,1,3,5,5,55,43.2,13.9,C-F,couside01,2016-17,2017
102,John Wall,52,2016-12-06,26-091,WAS,,ORL,L 116-124,1,42,18,31,0.581,13,23,0.565,5,8,0.625,11,14,0.786,0.7,1,3,4,8,3,0,4,3,52,41.3,18,G,walljo01,2016-17,2017
103,Klay Thompson,60,2016-12-05,26-301,GSW,,IND,W 142-106,1,29,21,33,0.636,13,19,0.684,8,14,0.571,10,11,0.909,0.793,0,2,2,1,0,0,0,0,60,46.2,25.1,G-F,thompkl01,2016-17,2017
104,Russell Westbrook,51,2016-10-28,27-351,OKC,,PHO,W 113-110 (OT),1,45,17,44,0.386,15,34,0.441,2,10,0.2,15,20,0.75,0.483,3,10,13,10,2,0,5,3,51,32.9,12.4,G,westbru01,2016-17,2017
105,Anthony Davis,50,2016-10-26,23-229,NOP,,DEN,L 102-107,1,41,17,34,0.5,17,32,0.531,0,2,0,16,17,0.941,0.603,1,14,15,5,5,4,3,4,50,44.2,19.8,F-C,davisan02,2016-17,2017
106,Kobe Bryant,60,2016-04-13,37-234,LAL,,UTA,W 101-96,1,42,22,50,0.44,16,29,0.552,6,21,0.286,10,12,0.833,0.543,0,4,4,4,1,1,2,1,60,36.3,12.7,G-F,bryanko01,2015-16,2016
107,Damian Lillard,50,2016-03-04,25-233,POR,@,TOR,L 115-117,1,40,16,28,0.571,10,15,0.667,6,13,0.462,12,13,0.923,0.741,2,1,3,5,0,0,4,2,50,36.8,18.9,G,lillada01,2015-16,2016
108,Stephen Curry,51,2016-02-25,27-348,GSW,@,ORL,W 130-114,1,34,20,27,0.741,10,12,0.833,10,15,0.667,1,1,1,0.929,0,7,7,8,0,1,5,1,51,43.1,24.9,G,curryst01,2015-16,2016
109,Anthony Davis,59,2016-02-21,22-347,NOP,@,DET,W 111-106,1,43,24,34,0.706,22,32,0.688,2,2,1,9,10,0.9,0.768,6,14,20,4,0,1,2,1,59,53.9,25.1,F-C,davisan02,2015-16,2016
110,Damian Lillard,51,2016-02-19,25-219,POR,,GSW,W 137-105,1,31,18,28,0.643,9,16,0.563,9,12,0.75,6,7,0.857,0.82,0,0,0,7,6,0,0,3,51,47.9,38.1,G,lillada01,2015-16,2016
111,Stephen Curry,51,2016-02-03,27-326,GSW,@,WAS,W 134-121,1,36,19,28,0.679,8,13,0.615,11,15,0.733,2,3,0.667,0.87,1,6,7,2,3,0,7,3,51,37.3,17.6,G,curryst01,2015-16,2016
112,DeMarcus Cousins,56,2016-01-25,25-165,SAC,,CHO,L 128-129 (2OT),1,46,21,30,0.7,20,27,0.741,1,3,0.333,13,16,0.813,0.756,1,11,12,4,1,2,7,6,56,42,13,C-F,couside01,2015-16,2016
113,Kemba Walker,52,2016-01-18,25-255,CHO,,UTA,W 124-119 (2OT),1,47,16,33,0.485,10,22,0.455,6,11,0.545,14,15,0.933,0.657,1,8,9,8,2,0,3,3,52,41.4,16.7,G,walkeke02,2015-16,2016
114,Jimmy Butler,53,2016-01-14,26-122,CHI,@,PHI,W 115-111 (OT),1,49,15,30,0.5,13,26,0.5,2,4,0.5,21,25,0.84,0.646,4,6,10,6,3,0,4,4,53,42.6,14.8,F-G,butleji01,2015-16,2016
115,James Harden,50,2015-11-27,26-093,HOU,,PHI,W 116-114,1,40,14,28,0.5,8,16,0.5,6,12,0.5,16,20,0.8,0.679,2,7,9,8,0,0,9,2,50,33.7,6,G,hardeja01,2015-16,2016
116,Stephen Curry,53,2015-10-31,27-231,GSW,@,NOP,W 134-120,1,36,17,27,0.63,9,13,0.692,8,14,0.571,11,11,1,0.832,0,4,4,9,4,0,2,3,53,49.2,27.8,G,curryst01,2015-16,2016
117,Russell Westbrook,54,2015-04-12,26-151,OKC,@,IND,L 104-116,1,40,21,43,0.488,16,28,0.571,5,15,0.333,7,11,0.636,0.564,1,8,9,8,1,0,2,5,54,36.4,20.1,G,westbru01,2014-15,2015
118,James Harden,51,2015-04-01,25-218,HOU,,SAC,W 115-111,1,38,16,25,0.64,8,16,0.5,8,9,0.889,11,13,0.846,0.83,2,6,8,6,3,0,7,1,51,42.1,21.9,G,hardeja01,2014-15,2015
119,James Harden,50,2015-03-19,25-205,HOU,,DEN,W 118-108,1,40,12,27,0.444,8,15,0.533,4,12,0.333,22,25,0.88,0.658,1,9,10,4,1,0,4,2,50,37.1,11.1,G,hardeja01,2014-15,2015
120,Kyrie Irving,57,2015-03-12,22-354,CLE,@,SAS,W 128-125 (OT),1,47,20,32,0.625,13,25,0.52,7,7,1,10,10,1,0.783,1,2,3,5,4,0,2,3,57,48.2,25.2,G,irvinky01,2014-15,2015
121,Stephen Curry,51,2015-02-04,26-327,GSW,,DAL,W 128-114,1,37,16,26,0.615,6,10,0.6,10,16,0.625,9,11,0.818,0.827,0,4,4,4,1,0,3,3,51,39.2,19.5,G,curryst01,2014-15,2015
122,Kyrie Irving,55,2015-01-28,22-311,CLE,,POR,W 99-94,1,39,17,36,0.472,6,17,0.353,11,19,0.579,10,10,1,0.681,2,2,4,5,2,0,3,0,55,41.1,35.2,G,irvinky01,2014-15,2015
123,Klay Thompson,52,2015-01-23,24-349,GSW,,SAC,W 126-101,1,33,16,25,0.64,5,10,0.5,11,15,0.733,9,10,0.9,0.884,0,2,2,5,4,2,4,3,52,44.8,35,G-F,thompkl01,2014-15,2015
124,Mo Williams,52,2015-01-13,32-025,MIN,@,IND,W 110-101,1,44,19,33,0.576,13,22,0.591,6,11,0.545,8,9,0.889,0.703,0,4,4,7,0,0,3,2,52,38.4,13.2,G,willima01,2014-15,2015
125,Corey Brewer,51,2014-04-11,28-037,MIN,,HOU,W 112-110,1,45,19,30,0.633,17,24,0.708,2,6,0.333,11,15,0.733,0.697,1,1,2,1,6,1,2,4,51,40.8,18,F-G,breweco01,2013-14,2014
126,Kevin Durant,51,2014-03-21,25-173,OKC,@,TOR,W 119-118 (2OT),1,52,15,32,0.469,8,20,0.4,7,12,0.583,14,19,0.737,0.632,1,11,12,7,1,1,5,3,51,37,16.1,F-G,duranke01,2013-14,2014
127,LeBron James,61,2014-03-03,29-063,MIA,,CHA,W 124-107,1,41,22,33,0.667,14,23,0.609,8,10,0.8,9,12,0.75,0.797,3,4,7,4,0,0,2,2,61,48.8,23,F-G,jamesle01,2013-14,2014
128,Terrence Ross,51,2014-01-25,22-354,TOR,,LAC,L 118-126,1,44,16,29,0.552,6,12,0.5,10,17,0.588,9,10,0.9,0.763,3,6,9,1,1,0,3,4,51,37.7,12.2,F-G,rosste01,2013-14,2014
129,Carmelo Anthony,62,2014-01-24,29-240,NYK,,CHA,W 125-96,1,39,23,35,0.657,17,24,0.708,6,11,0.545,10,10,1,0.787,1,12,13,0,0,0,0,1,62,50.6,24.6,F,anthoca01,2013-14,2014
130,Kevin Durant,54,2014-01-17,25-110,OKC,,GSW,W 127-121,1,44,19,28,0.679,14,19,0.737,5,9,0.556,11,13,0.846,0.801,1,3,4,6,2,1,5,1,54,44.3,16.9,F-G,duranke01,2013-14,2014
131,Carmelo Anthony,50,2013-04-02,28-308,NYK,@,MIA,W 102-90,1,40,18,26,0.692,11,16,0.688,7,10,0.7,7,8,0.875,0.847,0,2,2,2,1,1,0,3,50,41.1,27.9,F,anthoca01,2012-13,2013
132,Stephen Curry,54,2013-02-27,24-350,GSW,@,NYK,L 105-109,1,48,18,28,0.643,7,15,0.467,11,13,0.846,7,7,1,0.869,0,6,6,7,3,0,4,3,54,46.1,23,G,curryst01,2012-13,2013
133,Kevin Durant,52,2013-01-18,24-111,OKC,@,DAL,W 117-114 (OT),1,50,13,31,0.419,8,22,0.364,5,9,0.556,21,21,1,0.646,0,9,9,1,2,0,4,2,52,36.1,14.9,F-G,duranke01,2012-13,2013
134,Kevin Love,51,2012-03-23,23-198,MIN,@,OKC,L 140-149 (2OT),1,49,16,27,0.593,9,16,0.563,7,11,0.636,12,16,0.75,0.749,6,8,14,0,1,1,4,3,51,40,10.6,F,loveke01,2011-12,2012
135,Deron Williams,57,2012-03-04,27-252,NJN,@,CHA,W 104-101,1,38,16,29,0.552,12,18,0.667,4,11,0.364,21,21,1,0.745,1,5,6,7,1,1,5,2,57,46.1,24.2,G,willide01,2011-12,2012
136,Kevin Durant,51,2012-02-19,23-143,OKC,,DEN,W 124-118 (OT),1,45,19,28,0.679,14,22,0.636,5,6,0.833,8,10,0.8,0.787,2,6,8,3,4,0,5,1,51,42.1,20.4,F-G,duranke01,2011-12,2012
137,Carmelo Anthony,50,2011-02-07,26-254,DEN,,HOU,L 103-108,1,39,16,24,0.667,14,21,0.667,2,3,0.667,16,18,0.889,0.783,1,10,11,0,1,3,4,2,50,40.8,23,F,anthoca01,2010-11,2011
138,LeBron James,51,2011-02-03,26-035,MIA,@,ORL,W 104-100,1,43,17,25,0.68,14,20,0.7,3,5,0.6,14,17,0.824,0.785,2,9,11,8,1,1,3,2,51,46.7,26.4,F-G,jamesle01,2010-11,2011
139,Andre Miller,52,2010-01-30,33-317,POR,@,DAL,W 114-112 (OT),1,42,22,31,0.71,21,30,0.7,1,1,1,7,8,0.875,0.753,1,4,5,2,2,0,2,2,52,41.2,20.3,G,millean02,2009-10,2010
140,Carmelo Anthony,50,2009-11-27,25-182,DEN,,NYK,W 128-125,1,46,17,28,0.607,16,24,0.667,1,4,0.25,15,16,0.938,0.713,3,3,6,5,0,0,3,5,50,38.3,4.4,F,anthoca01,2009-10,2010
141,Brandon Jennings,55,2009-11-14,20-052,MIL,,GSW,W 129-125,1,41,21,34,0.618,14,26,0.538,7,8,0.875,6,8,0.75,0.733,1,4,5,5,0,0,4,1,55,39.8,13,G,jennibr01,2009-10,2010
142,Dwyane Wade,55,2009-04-12,27-085,MIA,,NYK,W 122-105,1,39,19,30,0.633,13,18,0.722,6,12,0.5,11,13,0.846,0.77,2,7,9,4,0,1,3,3,55,43.6,15.8,G,wadedw01,2008-09,2009
143,Kevin Martin,50,2009-04-01,26-059,SAC,@,GSW,L 141-143 (OT),1,46,11,22,0.5,6,11,0.545,5,11,0.455,23,26,0.885,0.748,1,2,3,3,2,0,5,3,50,37,8.6,G,martike02,2008-09,2009
144,Dwyane Wade,50,2009-03-14,27-056,MIA,,UTA,W 140-129 (3OT),1,52,19,39,0.487,15,28,0.536,4,11,0.364,8,9,0.889,0.582,3,7,10,9,4,2,6,2,50,39,13.2,G,wadedw01,2008-09,2009
145,LeBron James,51,2009-03-13,24-073,CLE,@,SAC,W 126-123 (OT),1,47,16,30,0.533,12,19,0.632,4,11,0.364,15,17,0.882,0.68,0,4,4,9,2,3,3,2,51,43.4,19.3,F-G,jamesle01,2008-09,2009
146,Dwyane Wade,50,2009-02-22,27-036,MIA,@,ORL,L 99-122,1,37,17,30,0.567,15,23,0.652,2,7,0.286,14,15,0.933,0.683,0,5,5,5,1,1,1,3,50,39.9,23.4,G,wadedw01,2008-09,2009
147,LeBron James,55,2009-02-20,24-052,CLE,@,MIL,W 111-103,1,40,16,29,0.552,8,18,0.444,8,11,0.727,15,22,0.682,0.711,1,4,5,9,0,0,6,3,55,39.3,20.8,F-G,jamesle01,2008-09,2009
148,LeBron James,52,2009-02-04,24-036,CLE,@,NYK,W 107-102,1,44,17,33,0.515,15,26,0.577,2,7,0.286,16,19,0.842,0.629,0,9,9,11,0,2,3,1,52,42.9,19.3,F-G,jamesle01,2008-09,2009
149,Kobe Bryant,61,2009-02-02,30-163,LAL,@,NYK,W 126-117,1,37,19,31,0.613,16,25,0.64,3,6,0.5,20,20,1,0.766,0,0,0,3,0,1,2,1,61,47.3,19.2,G-F,bryanko01,2008-09,2009
150,Jamal Crawford,50,2008-12-20,28-275,GSW,@,CHA,W 110-103,1,46,14,26,0.538,9,18,0.5,5,8,0.625,17,18,0.944,0.737,0,2,2,5,0,1,1,2,50,40,15.4,G,crawfja01,2008-09,2009
151,Brandon Roy,52,2008-12-18,24-148,POR,,PHO,W 124-119,1,44,14,27,0.519,9,20,0.45,5,7,0.714,19,21,0.905,0.717,1,4,5,6,0,1,0,1,52,44.3,17.9,G,roybr01,2008-09,2009
152,Tony Parker,55,2008-11-05,26-172,SAS,@,MIN,W 129-125 (2OT),1,51,22,36,0.611,20,33,0.606,2,3,0.667,9,10,0.9,0.681,0,7,7,10,0,0,4,0,55,43.3,12.7,G,parketo01,2008-09,2009
153,Kobe Bryant,53,2008-03-28,29-218,LAL,,MEM,L 111-114,1,42,19,37,0.514,10,20,0.5,9,17,0.529,6,7,0.857,0.661,2,8,10,1,3,0,1,4,53,39.2,17.9,G-F,bryanko01,2007-08,2008
154,LeBron James,50,2008-03-05,23-066,CLE,@,NYK,W 119-105,1,44,16,30,0.533,9,17,0.529,7,13,0.538,11,16,0.688,0.675,1,7,8,10,4,0,2,3,50,44,23.4,F-G,jamesle01,2007-08,2008
155,Kobe Bryant,52,2008-03-02,29-192,LAL,,DAL,W 108-104 (OT),1,51,15,27,0.556,13,24,0.542,2,3,0.667,20,27,0.741,0.669,1,10,11,4,1,2,5,2,52,39.4,16.6,G-F,bryanko01,2007-08,2008
156,LeBron James,51,2008-01-15,23-016,CLE,@,MEM,W 132-124 (OT),1,47,18,28,0.643,12,16,0.75,6,12,0.5,9,16,0.563,0.728,3,5,8,9,3,1,4,1,51,45,19.2,F-G,jamesle01,2007-08,2008
157,Allen Iverson,51,2007-12-05,32-181,DEN,,LAL,L 107-111,1,48,18,27,0.667,18,26,0.692,0,1,0,15,18,0.833,0.73,0,2,2,8,1,0,5,4,51,38.7,11.8,G,iversal01,2007-08,2008
158,Kobe Bryant,50,2007-04-15,28-235,LAL,,SEA,W 109-98,1,42,18,25,0.72,15,19,0.789,3,6,0.5,11,13,0.846,0.814,2,6,8,3,2,0,1,2,50,44.4,23.1,G-F,bryanko01,2006-07,2007
159,Kobe Bryant,50,2007-04-12,28-232,LAL,,LAC,L 110-118,1,48,17,33,0.515,16,29,0.552,1,4,0.25,15,15,1,0.631,0,9,9,1,2,0,3,3,50,34.9,5.4,G-F,bryanko01,2006-07,2007
160,Kobe Bryant,53,2007-03-30,28-219,LAL,,HOU,L 104-107 (OT),1,48,19,44,0.432,16,35,0.457,3,9,0.333,12,14,0.857,0.528,1,1,2,2,0,0,3,2,53,27.6,9.3,G-F,bryanko01,2006-07,2007
161,Kobe Bryant,50,2007-03-23,28-212,LAL,@,NOK,W 111-105,1,47,16,29,0.552,14,24,0.583,2,5,0.4,16,16,1,0.694,1,6,7,1,0,1,1,2,50,38.2,11.4,G-F,bryanko01,2006-07,2007
162,Kobe Bryant,60,2007-03-22,28-211,LAL,@,MEM,W 121-119,1,45,20,37,0.541,17,30,0.567,3,7,0.429,17,18,0.944,0.668,2,3,5,4,0,0,2,4,60,43.2,8.4,G-F,bryanko01,2006-07,2007
163,Kobe Bryant,50,2007-03-18,28-207,LAL,,MIN,W 109-102,1,45,17,35,0.486,13,26,0.5,4,9,0.444,12,14,0.857,0.607,1,5,6,3,3,0,3,1,50,35.4,7.1,G-F,bryanko01,2006-07,2007
164,Kobe Bryant,65,2007-03-16,28-205,LAL,,POR,W 116-111 (OT),1,50,23,39,0.59,15,27,0.556,8,12,0.667,11,12,0.917,0.734,1,6,7,3,3,0,2,3,65,50.9,21.4,G-F,bryanko01,2006-07,2007
165,Michael Redd,52,2007-03-04,27-192,MIL,,CHI,L 121-126 (OT),1,44,18,32,0.563,10,19,0.526,8,13,0.615,8,9,0.889,0.723,1,2,3,2,3,0,4,2,52,37.3,16.5,G,reddmi01,2006-07,2007
166,Jamal Crawford,52,2007-01-26,26-312,NYK,,MIA,W 116-96,1,39,20,30,0.667,12,20,0.6,8,10,0.8,4,4,1,0.819,2,1,3,1,2,0,3,2,52,39.6,20,G,crawfja01,2006-07,2007
167,Gilbert Arenas,51,2007-01-15,25-009,WAS,,UTA,W 114-111,1,41,14,29,0.483,7,17,0.412,7,12,0.583,16,17,0.941,0.699,1,2,3,5,1,0,1,3,51,39.5,19.3,G,arenagi01,2006-07,2007
168,Ray Allen,54,2007-01-12,31-176,SEA,,UTA,W 122-114 (OT),1,43,17,32,0.531,9,20,0.45,8,12,0.667,12,12,1,0.724,3,7,10,5,1,0,2,2,54,44.3,22.3,G,allenra02,2006-07,2007
169,Kobe Bryant,58,2006-12-29,28-128,LAL,@,CHA,L 124-133 (3OT),1,54,22,45,0.489,18,34,0.529,4,11,0.364,10,12,0.833,0.577,0,5,5,4,0,0,4,6,58,32.4,5.6,G-F,bryanko01,2006-07,2007
170,Richard Hamilton,51,2006-12-27,28-316,DET,@,NYK,L 145-151 (3OT),1,55,19,37,0.514,18,36,0.5,1,1,1,12,12,1,0.603,0,2,2,2,0,0,1,4,51,32.1,6,G-F,hamilri01,2006-07,2007
171,Gilbert Arenas,54,2006-12-22,24-350,WAS,@,PHO,W 144-139 (OT),1,48,21,37,0.568,15,25,0.6,6,12,0.5,6,6,1,0.681,0,3,3,4,1,0,4,5,54,35.2,7.8,G,arenagi01,2006-07,2007
172,Gilbert Arenas,60,2006-12-17,24-345,WAS,@,LAL,W 147-141 (OT),1,49,17,32,0.531,12,20,0.6,5,12,0.417,21,27,0.778,0.684,0,8,8,8,2,0,3,3,60,47.8,11.7,G,arenagi01,2006-07,2007
173,Kobe Bryant,53,2006-12-15,28-114,LAL,,HOU,W 112-101 (2OT),1,54,17,38,0.447,12,30,0.4,5,8,0.625,14,16,0.875,0.588,0,10,10,8,2,1,5,1,53,38.3,13.8,G-F,bryanko01,2006-07,2007
174,Kobe Bryant,52,2006-11-30,28-099,LAL,,UTA,W 132-102,1,34,19,26,0.731,17,23,0.739,2,3,0.667,12,15,0.8,0.798,0,4,4,3,0,1,1,5,52,41.2,16.3,G-F,bryanko01,2006-07,2007
175,Michael Redd,57,2006-11-11,27-079,MIL,,UTA,L 111-113,1,46,18,32,0.563,12,20,0.6,6,12,0.5,15,17,0.882,0.722,0,2,2,0,3,1,3,2,57,41.5,15.4,G,reddmi01,2006-07,2007
176,Kobe Bryant,50,2006-04-14,27-234,LAL,,POR,W 110-99,1,44,17,28,0.607,12,18,0.667,5,10,0.5,11,14,0.786,0.732,1,5,6,1,5,0,3,4,50,39.3,16.8,G-F,bryanko01,2005-06,2006
177,Kobe Bryant,51,2006-04-07,27-227,LAL,@,PHO,L 96-107,1,42,19,33,0.576,14,22,0.636,5,11,0.455,8,10,0.8,0.682,0,5,5,3,1,0,2,3,51,36.1,17.5,G-F,bryanko01,2005-06,2006
178,Dirk Nowitzki,51,2006-03-23,27-277,DAL,,GSW,L 121-122,1,41,16,24,0.667,13,20,0.65,3,4,0.75,16,17,0.941,0.81,3,6,9,5,2,1,5,3,51,44.1,17.3,F,nowitdi01,2005-06,2006
179,Paul Pierce,50,2006-02-15,28-125,BOS,,CLE,L 109-113 (2OT),1,54,17,36,0.472,17,32,0.531,0,4,0,16,20,0.8,0.558,0,7,7,8,0,0,4,6,50,31.3,8,F-G,piercpa01,2005-06,2006
180,Kobe Bryant,81,2006-01-22,27-152,LAL,,TOR,W 122-104,1,42,28,46,0.609,21,33,0.636,7,13,0.538,18,20,0.9,0.739,2,4,6,2,3,1,3,1,81,63.5,33.6,G-F,bryanko01,2005-06,2006
181,LeBron James,51,2006-01-21,21-022,CLE,@,UTA,W 108-90,1,43,19,35,0.543,15,27,0.556,4,8,0.5,9,11,0.818,0.64,0,5,5,8,2,0,3,4,51,37.8,13.7,F-G,jamesle01,2005-06,2006
182,Kobe Bryant,51,2006-01-19,27-149,LAL,@,SAC,L 109-118 (OT),1,44,17,35,0.486,13,23,0.565,4,12,0.333,13,13,1,0.626,0,9,9,4,1,0,4,2,51,35,13.4,G-F,bryanko01,2005-06,2006
183,Kobe Bryant,50,2006-01-07,27-137,LAL,@,LAC,W 112-109,1,45,17,41,0.415,10,26,0.385,7,15,0.467,9,10,0.9,0.551,3,5,8,8,1,0,3,2,50,34.1,15.3,G-F,bryanko01,2005-06,2006
184,Vince Carter,51,2005-12-23,28-331,NJN,@,MIA,W 95-88,1,44,13,25,0.52,11,20,0.55,2,5,0.4,23,24,0.958,0.717,2,6,8,4,0,0,2,3,51,41.1,20.8,G-F,cartevi01,2005-06,2006
185,Allen Iverson,53,2005-12-23,30-199,PHI,@,ATL,L 108-111,1,45,17,31,0.548,17,30,0.567,0,1,0,19,21,0.905,0.659,0,6,6,5,2,0,0,0,53,44.6,16.9,G,iversal01,2005-06,2006
186,Kobe Bryant,62,2005-12-20,27-119,LAL,,DAL,W 112-90,1,33,18,31,0.581,14,21,0.667,4,10,0.4,22,25,0.88,0.738,3,5,8,0,3,0,2,3,62,49.7,32.7,G-F,bryanko01,2005-06,2006
187,LeBron James,52,2005-12-10,20-345,CLE,@,MIL,L 106-111,1,43,19,29,0.655,14,20,0.7,5,9,0.556,9,10,0.9,0.778,0,7,7,7,2,0,3,5,52,42.9,19.9,F-G,jamesle01,2005-06,2006
188,LeBron James,56,2005-03-20,20-080,CLE,@,TOR,L 98-105,1,48,18,36,0.5,12,24,0.5,6,12,0.5,14,15,0.933,0.657,2,8,10,5,2,0,4,0,56,42.9,21.1,F-G,jamesle01,2004-05,2005
189,Allen Iverson,60,2005-02-12,29-250,PHI,,ORL,W 112-99,1,42,17,36,0.472,15,31,0.484,2,5,0.4,24,27,0.889,0.627,1,3,4,6,5,1,3,1,60,48.5,23.7,G,iversal01,2004-05,2005
190,Damon Stoudamire,54,2005-01-14,31-133,POR,@,NOH,L 106-112,1,42,20,32,0.625,12,16,0.75,8,16,0.5,6,6,1,0.779,0,0,0,1,1,0,0,3,54,40.1,19.5,G,stoudda01,2004-05,2005
191,Jermaine O'Neal,55,2005-01-04,26-083,IND,,MIL,W 116-99,1,36,18,28,0.643,18,28,0.643,0,0,,19,25,0.76,0.705,3,8,11,3,0,2,3,3,55,44,17.8,C-F,onealje01,2004-05,2005
192,Amar'e Stoudemire,50,2005-01-02,22-047,PHO,,POR,W 117-98,1,41,20,27,0.741,20,26,0.769,0,1,0,10,17,0.588,0.725,5,6,11,3,1,1,1,3,50,43.2,15.7,F-C,stoudam01,2004-05,2005
193,Allen Iverson,51,2004-12-20,29-196,PHI,,UTA,L 101-103,1,45,18,31,0.581,14,25,0.56,4,6,0.667,11,17,0.647,0.663,0,1,1,6,7,0,7,6,51,36.2,16.4,G,iversal01,2004-05,2005
194,Allen Iverson,54,2004-12-18,29-194,PHI,@,MIL,W 116-97,1,41,17,29,0.586,13,22,0.591,4,7,0.571,16,21,0.762,0.706,2,6,8,5,2,0,3,0,54,44.2,19.9,G,iversal01,2004-05,2005
195,Dirk Nowitzki,53,2004-12-02,26-166,DAL,,HOU,W 113-106 (OT),1,50,15,32,0.469,13,27,0.481,2,5,0.4,21,22,0.955,0.636,4,12,16,2,3,4,1,2,53,48,19.5,F,nowitdi01,2004-05,2005
196,Jamal Crawford,50,2004-04-11,24-022,CHI,@,TOR,W 114-108 (OT),1,51,18,34,0.529,12,23,0.522,6,11,0.545,8,11,0.727,0.644,0,7,7,2,2,1,3,3,50,34.2,11.4,G,crawfja01,2003-04,2004
197,Tracy McGrady,62,2004-03-10,24-291,ORL,,WAS,W 108-99,1,46,20,37,0.541,15,23,0.652,5,14,0.357,17,26,0.654,0.64,3,7,10,5,1,0,6,1,62,42.8,18.5,G-F,mcgratr01,2003-04,2004
198,Allen Iverson,50,2003-11-29,28-175,PHI,,ATL,W 98-86,1,43,20,34,0.588,16,27,0.593,4,7,0.571,6,8,0.75,0.666,2,3,5,6,2,0,2,3,50,38.7,19.6,G,iversal01,2003-04,2004
199,Tracy McGrady,51,2003-11-14,24-174,ORL,@,DEN,L 101-106,1,42,20,30,0.667,12,19,0.632,8,11,0.727,3,3,1,0.814,2,4,6,5,2,2,4,2,51,42.7,28.5,G-F,mcgratr01,2003-04,2004
200,Rashard Lewis,50,2003-10-31,24-084,SEA,@,LAC,W 124-105,1,37,18,25,0.72,14,18,0.778,4,7,0.571,10,13,0.769,0.814,2,6,8,4,0,1,0,1,50,44.8,23.1,F,lewisra02,2003-04,2004
201,Kobe Bryant,55,2003-03-28,24-217,LAL,,WAS,W 108-94,1,41,15,29,0.517,6,16,0.375,9,13,0.692,16,18,0.889,0.745,0,5,5,3,3,0,3,5,55,41.5,25.5,G-F,bryanko01,2002-03,2003
202,Allan Houston,50,2003-03-16,31-330,NYK,,MIL,W 120-111,1,44,13,25,0.52,7,11,0.636,6,14,0.429,18,18,1,0.759,1,1,2,1,0,0,0,3,50,38.2,12.6,G,houstal01,2002-03,2003
203,Jamal Mashburn,50,2003-02-21,30-084,NOH,,MEM,W 125-123 (OT),1,47,17,33,0.515,13,26,0.5,4,7,0.571,12,12,1,0.653,2,3,5,5,1,0,3,2,50,36.7,7.7,F,mashbja01,2002-03,2003
204,Tracy McGrady,52,2003-02-21,23-273,ORL,,CHI,W 110-96,1,33,15,32,0.469,9,19,0.474,6,13,0.462,16,20,0.8,0.637,1,4,5,3,3,1,1,5,52,38.7,28.4,G-F,mcgratr01,2002-03,2003
205,Kobe Bryant,52,2003-02-18,24-179,LAL,,HOU,W 106-99 (2OT),1,54,19,38,0.5,16,29,0.552,3,9,0.333,11,11,1,0.607,0,8,8,7,0,3,5,4,52,35.8,13.9,G-F,bryanko01,2002-03,2003
206,Allan Houston,53,2003-02-16,31-302,NYK,@,LAL,W 117-110,1,43,18,29,0.621,14,24,0.583,4,5,0.8,13,15,0.867,0.744,0,4,4,5,2,0,0,3,53,44.6,16.6,G,houstal01,2002-03,2003
207,Kobe Bryant,51,2003-02-12,24-173,LAL,@,DEN,W 113-102,1,31,15,28,0.536,12,20,0.6,3,8,0.375,18,20,0.9,0.693,0,3,3,2,2,0,0,1,51,40.5,23.9,G-F,bryanko01,2002-03,2003
208,Tracy McGrady,50,2002-03-08,22-288,ORL,,WAS,W 99-96,1,42,18,29,0.621,14,22,0.636,4,7,0.571,10,15,0.667,0.702,0,10,10,3,2,0,3,1,50,38.6,18,G-F,mcgratr01,2001-02,2002
209,Allen Iverson,58,2002-01-15,26-222,PHI,,HOU,W 112-106 (OT),1,50,21,42,0.5,19,39,0.487,2,3,0.667,14,14,1,0.602,0,2,2,6,2,0,6,2,58,37,11.1,G,iversal01,2001-02,2002
210,Kobe Bryant,56,2002-01-14,23-144,LAL,,MEM,W 120-81,1,34,21,34,0.618,18,28,0.643,3,6,0.5,11,12,0.917,0.713,3,2,5,4,1,0,0,1,56,46.3,26.8,G-F,bryanko01,2001-02,2002
211,Michael Jordan,51,2001-12-29,38-315,WAS,,CHH,W 107-90,1,38,21,38,0.553,21,36,0.583,0,2,0,9,10,0.9,0.601,2,5,7,4,3,0,4,3,51,35.9,13.5,G-F,jordami01,2001-02,2002
212,Tim Duncan,53,2001-12-26,25-245,SAS,,DAL,L 123-126 (OT),1,50,19,28,0.679,19,28,0.679,0,0,,15,15,1,0.766,4,7,11,4,0,3,6,5,53,42.8,11.4,F-C,duncati01,2001-02,2002
213,Shareef Abdur-Rahim,50,2001-11-23,24-347,ATL,,DET,W 106-99,1,45,21,30,0.7,21,30,0.7,0,0,,8,8,1,0.746,3,9,12,5,2,1,2,1,50,46,19,F,abdursh01,2001-02,2002
214,Jerry Stackhouse,57,2001-04-03,26-149,DET,@,CHI,W 110-83,1,42,21,36,0.583,17,25,0.68,4,11,0.364,11,13,0.846,0.683,0,4,4,5,1,0,4,2,57,40.3,14.2,G-F,stackje01,2000-01,2001
215,Stephon Marbury,50,2001-02-13,23-359,NJN,,LAL,L 110-113 (OT),1,47,17,29,0.586,13,21,0.619,4,8,0.5,12,16,0.75,0.694,2,1,3,12,0,0,5,4,50,38.4,17.2,G,marbust01,2000-01,2001
216,Allen Iverson,51,2001-01-21,25-228,PHI,,TOR,L 106-110 (OT),1,51,20,40,0.5,16,32,0.5,4,8,0.5,7,8,0.875,0.586,1,2,3,4,1,0,4,4,51,30.1,9.9,G,iversal01,2000-01,2001
217,Allen Iverson,54,2001-01-06,25-213,PHI,@,CLE,W 107-103,1,44,20,30,0.667,16,23,0.696,4,7,0.571,10,13,0.769,0.756,0,3,3,3,3,1,4,3,54,41.3,16.9,G,iversal01,2000-01,2001
218,Chris Webber,51,2001-01-05,27-310,SAC,,IND,L 91-93 (OT),1,50,24,47,0.511,24,46,0.522,0,1,0,3,6,0.5,0.514,10,16,26,5,3,2,4,4,51,40.6,26.4,F-C,webbech01,2000-01,2001
219,Tony Delk,53,2001-01-02,26-340,PHO,@,SAC,L 117-121 (OT),1,50,20,27,0.741,20,26,0.769,0,1,0,13,15,0.867,0.789,3,3,6,0,1,0,2,1,53,42.9,15.1,G,delkto01,2000-01,2001
220,Kobe Bryant,51,2000-12-06,22-105,LAL,@,GSW,L 122-125 (OT),1,51,18,35,0.514,16,28,0.571,2,7,0.286,13,13,1,0.626,3,4,7,8,2,1,8,4,51,35.7,3.2,G-F,bryanko01,2000-01,2001
221,Antawn Jamison,51,2000-12-06,24-177,GSW,,LAL,W 125-122 (OT),1,53,21,29,0.724,19,24,0.792,2,5,0.4,7,8,0.875,0.784,5,8,13,5,2,1,4,2,51,46,13.8,F,jamisan01,2000-01,2001
222,Antawn Jamison,51,2000-12-03,24-174,GSW,@,SEA,L 102-118,1,48,23,36,0.639,21,29,0.724,2,7,0.286,3,4,0.75,0.675,6,8,14,2,3,2,1,2,51,45.2,18.3,F,jamisan01,2000-01,2001
223,Shaquille O'Neal,61,2000-03-06,28-000,LAL,@,LAC,W 123-103,1,45,24,35,0.686,24,35,0.686,0,0,,13,22,0.591,0.683,7,16,23,3,0,0,4,2,61,49.5,13.5,C,onealsh01,1999-00,2000
224,Vince Carter,51,2000-02-27,23-032,TOR,,PHO,W 103-102,1,43,17,32,0.531,13,24,0.542,4,8,0.5,13,13,1,0.676,5,4,9,1,3,0,5,5,51,36.8,14.6,G-F,cartevi01,1999-00,2000
225,Allen Iverson,50,2000-02-06,24-244,PHI,,SAC,W 119-108,1,44,20,40,0.5,19,33,0.576,1,7,0.143,9,11,0.818,0.558,2,7,9,6,1,0,7,2,50,30.1,5,G,iversal01,1999-00,2000
226,Clifford Robinson,50,2000-01-16,33-031,PHO,,DEN,W 113-100,1,43,17,26,0.654,14,21,0.667,3,5,0.6,13,15,0.867,0.767,3,5,8,4,0,2,0,2,50,44.8,19.7,F-C,robincl02,1999-00,2000
227,Karl Malone,56,1998-04-07,34-257,UTA,@,GSW,W 101-99,1,43,18,29,0.621,17,28,0.607,1,1,1,19,23,0.826,0.716,2,7,9,2,1,4,3,2,56,46.2,18.6,F,malonka01,1997-98,1998
228,Shaquille O'Neal,50,1998-04-02,26-027,LAL,@,NJN,W 117-106,1,42,18,26,0.692,18,26,0.692,0,0,,14,20,0.7,0.718,3,6,9,2,1,1,5,4,50,37,10.7,C,onealsh01,1997-98,1998
229,Tracy Murray,50,1998-02-10,26-200,WAS,@,GSW,W 99-87,1,43,18,29,0.621,13,19,0.684,5,10,0.5,9,10,0.9,0.749,2,6,8,0,2,0,2,3,50,38.5,19.1,F,murratr01,1997-98,1998
230,Allen Iverson,50,1997-04-12,21-309,PHI,@,CLE,L 118-125,1,46,17,32,0.531,12,23,0.522,5,9,0.556,11,18,0.611,0.626,2,3,5,6,2,0,9,5,50,29.1,4.8,G,iversal01,1996-97,1997
231,Michael Jordan,51,1997-01-21,33-339,CHI,,NYK,W 88-87,1,43,18,30,0.6,13,22,0.591,5,8,0.625,10,11,0.909,0.732,1,3,4,4,2,0,2,1,51,40.8,25.8,G-F,jordami01,1996-97,1997
232,Michael Jordan,50,1996-11-06,33-263,CHI,@,MIA,W 106-100,1,40,18,33,0.545,17,31,0.548,1,2,0.5,13,14,0.929,0.638,1,5,6,0,1,1,0,1,50,37.2,20.2,G-F,jordami01,1996-97,1997
233,Alonzo Mourning,50,1996-03-29,26-050,MIA,,WSB,W 112-93,1,39,17,24,0.708,17,24,0.708,0,0,,16,17,0.941,0.794,6,6,12,1,0,2,4,3,50,42.5,19.7,C-F,mournal01,1995-96,1996
234,Michael Jordan,53,1996-03-07,33-019,CHI,,DET,W 102-81,1,38,21,28,0.75,19,24,0.792,2,4,0.5,9,10,0.9,0.818,2,9,11,2,6,0,4,3,53,47.7,38,G-F,jordami01,1995-96,1996
235,Hakeem Olajuwon,51,1996-01-18,32-362,HOU,,BOS,L 106-108,1,45,20,37,0.541,20,37,0.541,0,0,,11,14,0.786,0.591,5,9,14,3,3,2,2,3,51,41.4,13.9,C,olajuha01,1995-96,1996
236,Karl Malone,51,1995-12-09,32-138,UTA,,GSW,W 123-109,1,45,19,28,0.679,19,28,0.679,0,0,,13,16,0.813,0.728,6,8,14,3,1,0,2,5,51,43.5,14.9,F,malonka01,1995-96,1996
237,Mahmoud Abdul-Rauf,51,1995-12-07,26-273,DEN,@,UTA,W 124-119,1,41,17,27,0.63,8,13,0.615,9,14,0.643,8,8,1,0.836,0,2,2,2,2,0,2,2,51,40.1,15.4,G,abdulma02,1995-96,1996
238,Glen Rice,56,1995-04-15,27-322,MIA,,ORL,W 123-117,1,45,20,27,0.741,13,19,0.684,7,8,0.875,9,10,0.9,0.892,1,3,4,0,0,0,2,4,56,42.7,16.9,F,ricegl01,1994-95,1995
239,Michael Jordan,55,1995-03-28,32-039,CHI,@,NYK,W 113-111,1,39,21,37,0.568,18,33,0.545,3,4,0.75,10,11,0.909,0.657,0,4,4,2,1,0,2,3,55,37.5,13.4,G-F,jordami01,1994-95,1995
240,Dana Barros,50,1995-03-14,27-335,PHI,,HOU,L 107-136,1,42,21,26,0.808,15,18,0.833,6,8,0.75,2,2,1,0.93,2,4,6,8,2,0,4,2,50,45.6,20.1,G,barroda01,1994-95,1995
241,Cedric Ceballos,50,1994-12-20,25-140,LAL,,MIN,W 108-95,1,46,21,31,0.677,18,26,0.692,3,5,0.6,5,9,0.556,0.715,4,5,9,2,1,2,5,4,50,36.6,9.1,F,cebalce01,1994-95,1995
242,Willie Burton,53,1994-12-13,26-201,PHI,,MIA,W 105-90,1,43,12,19,0.632,7,11,0.636,5,8,0.625,24,28,0.857,0.846,4,4,8,3,1,2,1,2,53,49.6,30.7,F-G,burtowi01,1994-95,1995
243,Jim Jackson,50,1994-11-26,24-043,DAL,@,DEN,W 124-123 (OT),1,48,17,28,0.607,17,26,0.654,0,2,0,16,17,0.941,0.705,2,2,4,5,0,0,4,2,50,37.5,11.3,G,jacksji01,1994-95,1995
244,Jamal Mashburn,50,1994-11-12,21-348,DAL,@,CHI,W 124-120 (OT),1,43,19,31,0.613,16,28,0.571,3,3,1,9,13,0.692,0.681,5,5,10,2,0,0,8,4,50,31.1,5.8,F,mashbja01,1994-95,1995
245,David Robinson,71,1994-04-24,28-261,SAS,@,LAC,W 112-97,1,44,26,41,0.634,25,39,0.641,1,2,0.5,18,25,0.72,0.683,4,10,14,5,0,2,8,2,71,51.8,19.7,C,robinda01,1993-94,1994
246,Shaquille O'Neal,53,1994-04-20,22-045,ORL,,MIN,W 121-101,1,36,22,31,0.71,22,31,0.71,0,0,,9,13,0.692,0.722,7,11,18,4,2,2,3,3,53,48.7,21.5,C,onealsh01,1993-94,1994
247,David Robinson,50,1994-02-21,28-199,SAS,@,MIN,W 114-89,1,38,18,32,0.563,17,28,0.607,1,4,0.25,13,15,0.867,0.648,5,4,9,2,2,6,3,2,50,42.5,21.8,C,robinda01,1993-94,1994
248,Nick Anderson,50,1993-04-23,25-093,ORL,@,NJN,W 119-116,0,33,17,25,0.68,13,18,0.722,4,7,0.571,12,12,1,0.826,2,1,3,2,2,0,1,1,50,43,27.6,F-G,anderni01,1992-93,1993
249,Michael Jordan,52,1993-03-12,30-023,CHI,,CHH,W 123-108,1,43,21,35,0.6,19,31,0.613,2,4,0.5,8,9,0.889,0.667,3,6,9,5,2,1,0,3,52,44.4,20.3,G-F,jordami01,1992-93,1993
250,Michael Jordan,64,1993-01-16,29-334,CHI,,ORL,L 124-128 (OT),1,47,27,49,0.551,26,44,0.591,1,5,0.2,9,11,0.818,0.594,4,2,6,1,5,0,2,5,64,44.8,19.9,G-F,jordami01,1992-93,1993
251,David Robinson,52,1993-01-16,27-163,SAS,,CHH,W 124-111,1,40,20,28,0.714,19,26,0.731,1,2,0.5,11,15,0.733,0.751,3,11,14,3,0,7,2,3,52,48,22.7,C,robinda01,1992-93,1993
252,Michael Jordan,57,1992-12-23,29-310,CHI,,WSB,W 107-98,1,42,22,37,0.595,16,29,0.552,6,8,0.75,7,8,0.875,0.703,0,2,2,10,3,1,1,3,57,48.6,31.9,G-F,jordami01,1992-93,1993
253,Reggie Miller,57,1992-11-28,27-096,IND,@,CHH,W 134-122,1,38,16,29,0.552,12,18,0.667,4,11,0.364,21,23,0.913,0.729,1,4,5,8,1,0,0,1,57,50.4,21.9,G-F,millere01,1992-93,1993
254,Michael Jordan,54,1992-11-20,29-277,CHI,@,LAL,L 118-120 (OT),1,47,21,39,0.538,20,37,0.541,1,2,0.5,11,14,0.786,0.598,5,8,13,7,1,3,5,4,54,41.2,15.6,G-F,jordami01,1992-93,1993
255,Michael Jordan,50,1992-03-24,29-036,CHI,,DEN,W 116-103,1,41,18,31,0.581,16,28,0.571,2,3,0.667,12,13,0.923,0.681,0,6,6,6,3,0,3,0,50,41.1,17,G-F,jordami01,1991-92,1992
256,Michael Jordan,51,1992-03-19,29-031,CHI,@,WSB,W 106-100,1,43,19,30,0.633,18,29,0.621,1,1,1,12,15,0.8,0.697,2,9,11,3,1,1,0,3,51,43.1,23.5,G-F,jordami01,1991-92,1992
257,Dominique Wilkins,52,1991-12-07,31-329,ATL,,NYK,L 128-137 (2OT),1,52,17,30,0.567,15,28,0.536,2,2,1,16,18,0.889,0.686,0,5,5,3,1,0,7,2,52,33.8,7,F-G,wilkido01,1991-92,1992
258,Michael Adams,54,1991-03-23,28-063,DEN,,MIL,L 136-140 (OT),1,43,17,31,0.548,10,15,0.667,7,16,0.438,13,17,0.765,0.702,0,5,5,9,3,0,4,5,54,42.3,15.3,G,adamsmi01,1990-91,1991
259,Bernard King,50,1991-03-06,34-092,WSB,,UTA,L 93-104,1,48,18,31,0.581,18,29,0.621,0,2,0,14,16,0.875,0.657,3,3,6,2,4,0,4,2,50,38.3,16.2,F,kingbe01,1990-91,1991
260,Vernon Maxwell,51,1991-01-26,25-136,HOU,,CLE,W 103-97,1,46,14,25,0.56,10,15,0.667,4,10,0.4,19,22,0.864,0.735,0,5,5,1,2,0,5,0,51,37.1,12.4,G,maxweve01,1990-91,1991
261,Bernard King,52,1990-12-29,34-025,WSB,,DEN,W 161-133,1,39,20,35,0.571,20,35,0.571,0,0,,12,14,0.857,0.632,3,5,8,6,1,0,4,3,52,38.3,2.4,F,kingbe01,1990-91,1991
262,Patrick Ewing,50,1990-12-01,28-118,NYK,,CHH,W 113-96,1,42,22,31,0.71,22,31,0.71,0,0,,6,6,1,0.743,3,12,15,2,0,3,4,4,50,40.7,10.4,C-F,ewingpa01,1990-91,1991
263,Charles Smith,52,1990-12-01,25-138,LAC,@,DEN,W 137-121,1,37,17,27,0.63,17,27,0.63,0,0,,18,21,0.857,0.717,1,5,6,2,3,2,4,2,52,41.9,13.6,F-C,smithch01,1990-91,1991
264,Hakeem Olajuwon,52,1990-04-19,27-088,HOU,,DEN,L 127-130 (OT),1,42,21,34,0.618,21,34,0.618,0,0,,10,13,0.769,0.655,6,12,18,4,3,3,11,6,52,37.7,7.3,C,olajuha01,1989-90,1990
265,Michael Jordan,69,1990-03-28,27-039,CHI,@,CLE,W 117-113 (OT),1,50,23,37,0.622,21,31,0.677,2,6,0.333,21,23,0.913,0.732,7,11,18,6,4,1,2,5,69,64.6,30.8,G-F,jordami01,1989-90,1990
266,Tom Chambers,60,1990-03-24,30-276,PHO,,SEA,W 121-95,1,42,22,32,0.688,22,32,0.688,0,0,,16,18,0.889,0.752,1,5,6,4,1,2,1,5,60,50,17.7,F-C,chambto01,1989-90,1990
267,Patrick Ewing,51,1990-03-24,27-231,NYK,,BOS,L 110-115,1,41,20,29,0.69,20,29,0.69,0,0,,11,13,0.846,0.734,5,13,18,1,1,0,5,6,51,39.6,11.9,C-F,ewingpa01,1989-90,1990
268,Tom Chambers,56,1990-02-18,30-242,PHO,@,GSW,W 131-113,1,43,19,29,0.655,17,27,0.63,2,2,1,16,19,0.842,0.749,3,5,8,2,1,0,2,4,56,44.5,14.8,F-C,chambto01,1989-90,1990
269,Terry Cummings,52,1990-01-31,28-322,SAS,,CHH,W 129-95,1,39,19,32,0.594,19,30,0.633,0,2,0,14,17,0.824,0.659,3,8,11,2,2,0,2,4,52,40.3,10.3,F,cummite01,1989-90,1990
270,Karl Malone,61,1990-01-27,26-187,UTA,,MIL,W 144-96,1,33,21,26,0.808,21,26,0.808,0,0,,19,23,0.826,0.844,9,9,18,2,3,0,2,2,61,60.2,32.4,F,malonka01,1989-90,1990
271,Karl Malone,52,1989-12-22,26-151,UTA,@,CHH,W 114-100,1,43,22,28,0.786,22,28,0.786,0,0,,8,12,0.667,0.781,3,14,17,3,2,0,2,3,52,46.8,18.2,F,malonka01,1989-90,1990
272,Michael Jordan,52,1989-12-20,26-306,CHI,@,ORL,L 109-110,1,45,20,37,0.541,18,34,0.529,2,3,0.667,10,10,1,0.628,1,4,5,7,4,0,3,3,52,40.7,15.6,G-F,jordami01,1989-90,1990
273,Larry Bird,50,1989-11-10,32-338,BOS,,ATL,W 117-106,1,39,19,25,0.76,18,24,0.75,1,1,1,11,12,0.917,0.826,3,10,13,7,0,0,3,3,50,45.5,22.5,F,birdla01,1989-90,1990
274,Dale Ellis,53,1989-11-09,29-095,SEA,@,MIL,L 154-155 (5OT),1,69,18,39,0.462,15,32,0.469,3,7,0.429,14,17,0.824,0.57,2,5,7,1,1,1,8,4,53,27.4,0.5,G-F,ellisda01,1989-90,1990
275,Michael Jordan,54,1989-11-03,26-259,CHI,,CLE,W 124-119 (OT),1,47,19,31,0.613,18,29,0.621,1,2,0.5,15,17,0.882,0.702,3,11,14,6,3,1,0,3,54,51.2,22.5,G-F,jordami01,1989-90,1990
276,Alex English,51,1989-03-10,35-064,DEN,@,MIA,L 130-131 (2OT),1,51,24,35,0.686,24,35,0.686,0,0,,3,4,0.75,0.694,1,2,3,9,2,0,3,5,51,40.3,10,F,englial01,1988-89,1989
277,Michael Jordan,50,1989-02-16,25-365,CHI,,MIL,W 117-116,1,40,16,26,0.615,15,24,0.625,1,2,0.5,17,18,0.944,0.737,2,6,8,5,3,0,4,4,50,41.9,14.8,G-F,jordami01,1988-89,1989
278,Michael Jordan,53,1989-01-21,25-339,CHI,,PHO,L 107-116,1,41,20,28,0.714,20,28,0.714,0,0,,13,15,0.867,0.766,1,13,14,8,2,1,4,4,53,47.9,25,G-F,jordami01,1988-89,1989
279,Clyde Drexler,50,1989-01-06,26-198,POR,,SAC,W 147-142 (2OT),1,49,19,28,0.679,19,25,0.76,0,3,0,12,16,0.75,0.713,3,4,7,4,3,0,3,5,50,40.5,10.1,G,drexlcl01,1988-89,1989
280,Michael Jordan,52,1988-11-26,25-283,CHI,@,DEN,L 123-128,1,44,19,27,0.704,16,22,0.727,3,5,0.6,11,14,0.786,0.784,2,9,11,7,1,0,6,3,52,42.3,15.3,G-F,jordami01,1988-89,1989
281,Michael Jordan,52,1988-11-16,25-273,CHI,@,PHI,L 110-123,1,43,24,29,0.828,24,28,0.857,0,1,0,4,4,1,0.845,3,6,9,1,4,2,4,2,52,46.5,19.8,G-F,jordami01,1988-89,1989
282,Michael Jordan,52,1988-11-09,25-266,CHI,@,BOS,W 110-104,1,42,18,33,0.545,16,29,0.552,2,4,0.5,14,16,0.875,0.649,0,3,3,2,9,2,2,4,52,44.4,22.8,G-F,jordami01,1988-89,1989
283,Michael Jordan,59,1988-04-03,25-046,CHI,@,DET,W 112-110,1,42,21,27,0.778,21,26,0.808,0,1,0,17,19,0.895,0.834,2,2,4,6,2,2,1,4,59,54.7,31.6,G-F,jordami01,1987-88,1988
284,Michael Jordan,50,1988-03-18,25-030,CHI,,BOS,W 113-103,1,42,19,32,0.594,18,30,0.6,1,2,0.5,11,11,1,0.679,2,3,5,9,5,1,1,4,50,46.9,31.5,G-F,jordami01,1987-88,1988
285,Dominique Wilkins,50,1988-03-01,28-049,ATL,,DET,L 104-117,1,44,18,35,0.514,17,33,0.515,1,2,0.5,13,14,0.929,0.607,4,1,5,3,1,0,1,3,50,36.3,13.5,F-G,wilkido01,1987-88,1988
286,Michael Jordan,52,1988-02-26,25-009,CHI,,POR,L 96-104,1,43,21,34,0.618,21,32,0.656,0,2,0,10,12,0.833,0.662,2,6,8,3,2,3,6,5,52,37.2,17.7,G-F,jordami01,1987-88,1988
287,Dominique Wilkins,51,1988-02-16,28-035,ATL,,SAC,L 115-118,1,38,20,31,0.645,18,27,0.667,2,4,0.5,9,11,0.818,0.711,1,5,6,2,4,2,5,3,51,39.3,17.8,F-G,wilkido01,1987-88,1988
288,Michael Jordan,52,1987-12-17,24-303,CHI,,CLE,W 111-100,1,41,20,31,0.645,20,31,0.645,0,0,,12,12,1,0.717,0,3,3,6,4,1,2,2,52,45.3,21.4,G-F,jordami01,1987-88,1988
289,Michael Jordan,61,1987-04-16,24-058,CHI,,ATL,L 114-117,1,41,22,38,0.579,22,35,0.629,0,3,0,17,21,0.81,0.646,5,5,10,1,4,1,3,3,61,47.8,19.3,G-F,jordami01,1986-87,1987
290,Michael Jordan,50,1987-04-13,24-055,CHI,@,MIL,W 114-107,1,41,16,31,0.516,16,30,0.533,0,1,0,18,22,0.818,0.615,1,8,9,4,4,3,1,5,50,42.1,21.4,G-F,jordami01,1986-87,1987
291,Michael Jordan,53,1987-04-12,24-054,CHI,,IND,W 116-95,1,42,19,27,0.704,19,27,0.704,0,0,,15,18,0.833,0.759,2,2,4,8,4,2,3,2,53,49.7,28,G-F,jordami01,1986-87,1987
292,Moses Malone,50,1987-04-08,32-016,WSB,@,NJN,W 118-109,1,38,18,31,0.581,18,31,0.581,0,0,,14,14,1,0.673,7,5,12,0,2,1,0,2,50,43.8,15.8,C-F,malonmo01,1986-87,1987
293,Michael Jordan,56,1987-03-24,24-035,CHI,,PHI,W 93-91,1,44,22,32,0.688,22,31,0.71,0,1,0,12,15,0.8,0.725,1,6,7,3,8,0,7,2,56,46,25.2,G-F,jordami01,1986-87,1987
294,Michael Jordan,61,1987-03-04,24-015,CHI,@,DET,W 125-120 (OT),1,43,22,39,0.564,22,39,0.564,0,0,,17,18,0.944,0.65,3,4,7,3,3,3,5,0,61,47.6,22.9,G-F,jordami01,1986-87,1987
295,Michael Jordan,58,1987-02-26,24-009,CHI,,NJN,W 128-113,1,37,16,25,0.64,16,25,0.64,0,0,,26,27,0.963,0.786,1,7,8,3,3,2,3,4,58,51.2,24.5,G-F,jordami01,1986-87,1987
296,Dominique Wilkins,54,1987-02-03,27-022,ATL,,BOS,W 126-123 (OT),1,47,19,34,0.559,19,32,0.594,0,2,0,16,20,0.8,0.631,1,4,5,2,3,0,5,3,54,36.3,11.7,F-G,wilkido01,1986-87,1987
297,Dominique Wilkins,53,1987-01-12,27-000,ATL,,LAC,W 125-115,1,37,19,25,0.76,18,24,0.75,1,1,1,14,19,0.737,0.794,3,3,6,2,2,3,1,3,53,47.4,24.1,F-G,wilkido01,1986-87,1987
298,Michael Jordan,53,1987-01-08,23-325,CHI,,POR,W 121-117,1,43,20,34,0.588,20,34,0.588,0,0,,13,16,0.813,0.646,3,1,4,5,3,2,3,3,53,42.1,19.2,G-F,jordami01,1986-87,1987
299,Dominique Wilkins,57,1986-12-10,26-332,ATL,,CHI,W 123-95,1,40,19,28,0.679,19,27,0.704,0,1,0,19,21,0.905,0.765,4,5,9,4,2,1,2,1,57,51.6,24.8,F-G,wilkido01,1986-87,1987
300,Michael Jordan,50,1986-11-01,23-257,CHI,@,NYK,W 108-103,1,41,15,31,0.484,15,31,0.484,0,0,,20,22,0.909,0.615,2,4,6,3,4,3,6,2,50,37.5,20,G-F,jordami01,1986-87,1987
301,Dominique Wilkins,57,1986-04-10,26-088,ATL,,NJN,W 126-117,1,38,21,37,0.568,21,37,0.568,0,0,,15,19,0.789,0.628,4,1,5,1,3,0,3,1,57,41.3,11.1,F-G,wilkido01,1985-86,1986
302,Larry Bird,50,1986-03-10,29-093,BOS,@,DAL,L 115-116,1,40,18,33,0.545,14,26,0.538,4,7,0.571,10,11,0.909,0.661,3,8,11,5,1,0,5,3,50,36.5,17.8,F,birdla01,1985-86,1986
303,Alex English,54,1985-11-19,31-318,DEN,,HOU,W 127-113,1,37,21,30,0.7,21,30,0.7,0,0,,12,12,1,0.765,1,3,4,1,0,0,1,3,54,41.5,17.7,F,englial01,1985-86,1986
304,Larry Bird,60,1985-03-12,28-095,BOS,@,ATL,W 126-115,1,43,22,36,0.611,21,32,0.656,1,4,0.25,15,16,0.938,0.697,4,3,7,3,0,0,3,3,60,44.8,12.5,F,birdla01,1984-85,1985
305,Kevin McHale,56,1985-03-03,27-074,BOS,,DET,W 138-129,1,41,22,28,0.786,22,28,0.786,0,0,,12,13,0.923,0.83,10,6,16,4,1,3,4,3,56,54.3,20.6,F-C,mchalke01,1984-85,1985
306,Bernard King,55,1985-02-16,28-074,NYK,,NJN,L 117-126,1,44,19,33,0.576,19,32,0.594,0,1,0,17,23,0.739,0.638,7,4,11,3,1,0,6,4,55,38.7,12.4,F,kingbe01,1984-85,1985
307,Bernard King,60,1984-12-25,28-021,NYK,,NJN,L 114-120,1,41,19,30,0.633,19,30,0.633,0,0,,22,26,0.846,0.724,2,5,7,4,0,0,5,2,60,44.9,17.9,F,kingbe01,1984-85,1985
308,Bernard King,52,1984-11-24,27-356,NYK,,IND,W 119-100,1,36,19,31,0.613,19,31,0.613,0,0,,14,17,0.824,0.676,2,5,7,7,0,0,2,4,52,40.9,17.8,F,kingbe01,1984-85,1985
309,Purvis Short,59,1984-11-17,27-138,GSW,,NJN,L 114-131,1,40,20,28,0.714,16,22,0.727,4,6,0.667,15,16,0.938,0.842,2,3,5,0,1,0,3,2,59,46.5,17.9,F-G,shortpu01,1984-85,1985
310,Moses Malone,51,1984-11-14,29-236,PHI,,DET,L 133-137 (OT),1,41,18,32,0.563,18,32,0.563,0,0,,15,18,0.833,0.639,9,8,17,1,1,0,7,4,51,36.4,3.7,C-F,malonmo01,1984-85,1985
311,Bernard King,50,1984-02-01,27-059,NYK,@,DAL,W 105-98,1,41,20,28,0.714,20,28,0.714,0,0,,10,13,0.769,0.741,1,6,7,0,0,0,2,3,50,36.5,,F,kingbe01,1983-84,1984
312,Bernard King,50,1984-01-31,27-058,NYK,@,SAS,W 117-113,1,44,20,30,0.667,20,30,0.667,0,0,,10,13,0.769,0.7,3,5,8,2,0,0,1,5,50,37.8,,F,kingbe01,1983-84,1984
313,Kiki Vandeweghe,50,1984-01-11,25-163,DEN,,SAS,W 163-155,1,34,21,30,0.7,20,29,0.69,1,1,1,7,7,1,0.756,1,3,4,2,1,1,1,1,50,40.7,,F,vandeki01,1983-84,1984
314,Purvis Short,57,1984-01-07,26-189,GSW,,SAS,W 154-133,1,42,24,38,0.632,22,36,0.611,2,2,1,7,8,0.875,0.686,8,7,15,1,1,0,3,2,57,45.2,,F-G,shortpu01,1983-84,1984
315,Kiki Vandeweghe,51,1983-12-13,25-134,DEN,,DET,L 184-186 (3OT),1,50,21,29,0.724,21,29,0.724,0,0,,9,11,0.818,0.754,2,7,9,8,2,1,5,3,51,43.9,,F,vandeki01,1983-84,1984
316,Larry Bird,53,1983-03-30,26-113,BOS,,IND,W 142-116,1,33,21,30,0.7,21,29,0.724,0,1,0,11,11,1,0.761,3,5,8,3,1,2,6,2,53,41.7,,F,birdla01,1982-83,1983
317,Joe Barry Carroll,52,1983-03-05,24-224,GSW,,UTA,W 127-121,1,42,22,32,0.688,22,32,0.688,0,0,,8,13,0.615,0.689,7,7,14,1,1,5,1,2,52,46.8,,C-F,carrojo01,1982-83,1983
318,Kelly Tripucka,56,1983-01-29,23-347,DET,,CHI,W 128-126,1,37,18,26,0.692,18,26,0.692,0,0,,20,22,0.909,0.785,,,6,4,1,1,,4,56,,,F-G,tripuke01,1982-83,1983
319,Adrian Dantley,57,1982-12-04,27-279,UTA,,CHI,W 131-124,1,38,20,27,0.741,20,27,0.741,0,0,,17,22,0.773,0.777,3,6,9,3,0,0,2,5,57,46.1,,F-G,dantlad01,1982-83,1983
320,Ray Williams,52,1982-04-17,27-185,NJN,@,DET,W 147-132,1,43,21,34,0.618,20,33,0.606,1,1,1,9,11,0.818,0.669,,,4,7,,,,5,52,,,G,willira01,1981-82,1982
321,Adrian Dantley,53,1982-04-10,27-041,UTA,,DEN,W 151-136,1,45,19,28,0.679,19,28,0.679,0,0,,15,18,0.833,0.738,9,3,12,6,0,0,1,4,53,48.6,,F-G,dantlad01,1981-82,1982
322,George Gervin,50,1982-03-06,29-313,SAS,,MIL,W 171-166 (3OT),1,56,21,31,0.677,21,31,0.677,0,0,,8,8,1,0.724,1,7,8,5,1,0,4,3,50,38.8,,G-F,gervige01,1981-82,1982
323,Moses Malone,53,1982-02-02,26-316,HOU,,SDC,W 122-106,1,42,19,30,0.633,19,30,0.633,0,0,,15,18,0.833,0.699,11,11,22,4,2,1,3,2,53,51.1,,C-F,malonmo01,1981-82,1982
324,Moses Malone,51,1981-03-11,25-353,HOU,,GSW,W 109-92,1,44,20,28,0.714,20,28,0.714,0,,,11,12,0.917,0.766,,,19,2,2,0,,3,51,,,C-F,malonmo01,1980-81,1981
325,Adrian Dantley,55,1981-02-06,25-344,UTA,,DEN,L 116-120,1,47,24,36,0.667,24,36,0.667,0,0,,7,8,0.875,0.696,6,1,7,3,1,1,4,4,55,41.7,,F-G,dantlad01,1980-81,1981
326,Adrian Dantley,51,1981-01-07,25-314,UTA,@,DEN,W 121-117,1,45,20,25,0.8,20,25,0.8,0,0,,11,11,1,0.855,2,3,5,7,2,0,3,1,51,47.3,,F-G,dantlad01,1980-81,1981
327,Bernard King,50,1981-01-03,24-030,GSW,,PHI,L 105-119,1,43,20,25,0.8,20,25,0.8,0,0,,10,11,0.909,0.838,5,3,8,4,3,2,3,3,50,47.5,,F,kingbe01,1980-81,1981
328,Billy Knight,52,1980-11-11,28-155,IND,@,SAS,W 119-113,1,39,19,30,0.633,19,30,0.633,0,0,,14,16,0.875,0.702,,,5,0,5,0,,1,52,,,G-F,knighbi01,1980-81,1981
329,Adrian Dantley,50,1980-10-31,25-246,UTA,,DAL,W 144-122,1,41,12,17,0.706,12,17,0.706,0,0,,26,29,0.897,0.84,,,4,4,2,0,,4,50,,,F-G,dantlad01,1980-81,1981
330,Larry Kenon,51,1980-03-30,27-108,SAS,,DET,W 144-124,1,36,23,32,0.719,23,32,0.719,0,0,,5,6,0.833,0.736,,,7,1,0,0,,4,51,,,F,kenonla01,1979-80,1980
331,George Gervin,55,1980-01-23,27-271,SAS,@,IND,W 144-130,1,39,21,32,0.656,20,30,0.667,1,2,0.5,12,15,0.8,0.712,,,5,5,0,1,,0,55,,,G-F,gervige01,1979-80,1980
332,Freeman Williams,51,1980-01-19,23-249,SDC,@,PHO,L 123-137,1,44,22,34,0.647,20,30,0.667,2,4,0.5,5,6,0.833,0.696,3,1,4,3,2,1,5,1,51,37.4,,G-F,willifr01,1979-80,1980
333,George Gervin,53,1980-01-08,27-256,SAS,,DEN,W 137-134,1,43,23,40,0.575,23,40,0.575,0,0,,7,8,0.875,0.609,1,2,3,2,3,1,2,2,53,37.4,,G-F,gervige01,1979-80,1980
334,Mike Newlin,52,1979-12-16,30-348,NJN,,BOS,L 112-115 (OT),1,49,19,28,0.679,18,25,0.72,1,3,0.333,13,15,0.867,0.751,3,3,6,3,1,0,4,3,52,40.1,,G-F,newlimi01,1979-80,1980
335,Adrian Dantley,50,1979-11-27,24-272,UTA,,LAL,L 118-122,1,45,21,27,0.778,21,27,0.778,0,0,,8,10,0.8,0.796,2,7,9,2,2,0,3,3,50,41.4,,F-G,dantlad01,1979-80,1980
336,George Gervin,52,1979-01-11,26-259,SAS,,SDC,W 140-111,1,37,24,33,0.727,24,33,0.727,,,,4,4,1,0.748,,,1,4,2,1,,1,52,,,G-F,gervige01,1978-79,1979
337,John Drew,50,1978-12-30,24-091,ATL,,DEN,W 113-87,1,33,19,32,0.594,19,32,0.594,,,,12,16,0.75,0.64,2,3,5,1,2,1,3,2,50,35.5,,F-G,drewjo01,1978-79,1979
338,Truck Robinson,51,1978-11-21,27-048,NOJ,,NJN,W 140-118,1,44,20,26,0.769,20,26,0.769,,,,11,13,0.846,0.804,,,16,1,,,,2,51,,,F-C,robintr01,1978-79,1979
339,George Gervin,63,1978-04-09,25-347,SAS,@,NOJ,L 132-153,1,33,23,49,0.469,23,49,0.469,,,,17,20,0.85,0.545,,,2,1,2,1,,3,63,,,G-F,gervige01,1977-78,1978
340,David Thompson,73,1978-04-09,23-270,DEN,@,DET,L 137-139,1,43,28,38,0.737,28,38,0.737,,,,17,20,0.85,0.78,3,4,7,2,0,1,4,2,73,57,,G-F,thompda01,1977-78,1978
341,John Williamson,50,1978-04-04,26-145,NJN,@,IND,W 129-121,1,44,19,32,0.594,19,32,0.594,,,,12,13,0.923,0.663,,,4,3,,,,5,50,,,G,willijo01,1977-78,1978
342,Rick Barry,55,1978-03-25,33-362,GSW,,NYK,W 133-123,1,44,19,31,0.613,19,31,0.613,,,,17,18,0.944,0.707,1,8,9,9,3,0,2,3,55,49.7,,F,barryri01,1977-78,1978
343,Calvin Murphy,57,1978-03-18,29-313,HOU,,NJN,L 104-106,1,48,24,40,0.6,24,40,0.6,,,,9,12,0.75,0.629,,,6,2,3,0,,4,57,,,G,murphca01,1977-78,1978
344,Rick Barry,51,1977-10-29,33-215,GSW,,PHI,W 113-110,1,43,22,38,0.579,22,38,0.579,,,,7,8,0.875,0.614,0,5,5,5,1,0,2,4,51,35.2,,F,barryri01,1977-78,1978
345,Pete Maravich,51,1977-03-18,29-269,NOJ,@,PHO,W 104-100,1,48,21,34,0.618,21,34,0.618,,,,9,10,0.9,0.664,1,5,6,1,5,2,,3,51,,,G,maravpe01,1976-77,1977
346,Pete Maravich,68,1977-02-25,29-248,NOJ,,NYK,W 124-107,1,43,26,43,0.605,26,43,0.605,,,,16,19,0.842,0.662,1,5,6,6,3,2,,6,68,,,G,maravpe01,1976-77,1977
347,Pete Maravich,50,1976-12-26,29-187,NOJ,,WSB,W 109-100,1,48,23,39,0.59,23,39,0.59,,,,4,5,0.8,0.607,,,3,5,,,,2,50,,,G,maravpe01,1976-77,1977
348,Pete Maravich,51,1976-12-14,29-175,NOJ,,KCK,W 120-117,1,47,18,38,0.474,18,38,0.474,,,,15,18,0.833,0.555,,,7,6,1,1,,2,51,,,G,maravpe01,1976-77,1977
349,Phil Smith,51,1976-12-11,24-233,GSW,,HOU,W 124-112,1,43,18,27,0.667,18,27,0.667,,,,15,20,0.75,0.712,1,0,1,3,0,0,,3,51,,,G,smithph01,1976-77,1977